V1,V2,V3,V4
eOtu15,bOtu423,0.657142857,1
eOtu70,eOtu1007,0.741935484,1
bOtu1,bOtu203,0.714285714,1
bOtu1,eOtu169,0.676123404,1
bOtu1,bOtu3,0.771428571,1
bOtu1,bOtu103,-0.657142857,-1
bOtu1,bOtu76,0.771428571,1
bOtu1,bOtu553,-0.714285714,-1
bOtu1,bOtu386,0.657142857,1
bOtu1,eOtu980,-0.654653671,-1
bOtu1,bOtu99,0.714285714,1
bOtu1,bOtu1648,0.771428571,1
bOtu1,bOtu143,0.657142857,1
bOtu1,bOtu1483,0.657142857,1
bOtu1,bOtu467,0.714285714,1
bOtu1,eOtu1361,-0.654653671,-1
bOtu1,bOtu288,0.698253252,1
bOtu1,bOtu261,0.714285714,1
bOtu1,bOtu274,0.657142857,1
bOtu1,bOtu906,0.753702346,1
eOtu3,eOtu10,0.695608344,1
eOtu13,eOtu47,0.771428571,1
eOtu13,eOtu169,0.654653671,1
eOtu13,eOtu873,0.698253252,1
eOtu13,eOtu274,0.698253252,1
eOtu13,bOtu553,-0.666736691,-1
eOtu13,eOtu286,0.698253252,1
eOtu13,eOtu1361,-0.654653671,-1
eOtu13,eOtu1374,0.698253252,1
eOtu13,eOtu417,0.654653671,1
eOtu13,eOtu977,0.695725243,1
eOtu13,bOtu4674,-0.666736691,-1
bOtu13,bOtu48,0.657142857,1
bOtu13,bOtu40,0.714285714,1
bOtu13,bOtu158,0.771428571,1
bOtu13,bOtu183,0.657142857,1
bOtu13,bOtu679,0.666736691,1
bOtu13,bOtu441,0.657142857,1
bOtu13,bOtu157,0.676123404,1
bOtu13,bOtu9990,0.828571429,1
bOtu13,bOtu300,0.657142857,1
bOtu13,bOtu494,0.676123404,1
bOtu13,eOtu629,0.654653671,1
bOtu13,bOtu3908,0.695725243,1
bOtu55,eOtu307,0.654653671,1
bOtu55,bOtu57,0.771428571,1
bOtu55,bOtu54,0.714285714,1
bOtu55,bOtu128,0.714285714,1
bOtu55,bOtu95,0.714285714,1
bOtu55,bOtu640,0.771428571,1
bOtu55,bOtu392,0.654653671,1
bOtu55,bOtu984,0.771428571,1
bOtu55,bOtu1773,0.753702346,1
eOtu174,eOtu193,0.788893492,1
eOtu174,eOtu307,0.664211164,1
eOtu174,eOtu295,0.657142857,1
eOtu174,bOtu57,0.753702346,1
eOtu174,bOtu392,0.708447269,1
eOtu174,eOtu980,0.664211164,1
eOtu174,eOtu2260,0.698253252,1
eOtu174,bOtu1773,0.695608344,1
eOtu57,eOtu2751,0.654653671,1
eOtu57,eOtu264,0.771428571,1
eOtu8,bOtu348,0.654653671,1
eOtu22,eOtu168,0.657142857,1
eOtu22,eOtu347,0.714285714,1
eOtu2,eOtu12,0.657142857,1
eOtu2,eOtu286,0.654653671,1
eOtu2,bOtu2604,-0.657142857,-1
eOtu2,bOtu1773,-0.654653671,-1
eOtu193,bOtu124,-0.654653671,-1
eOtu193,bOtu95,0.657142857,1
eOtu193,eOtu980,0.664211164,1
eOtu193,eOtu2260,0.664211164,1
eOtu193,bOtu1773,0.654653671,1
bOtu7,bOtu368,0.771428571,1
bOtu7,bOtu541,0.714285714,1
bOtu7,bOtu490,0.657142857,1
bOtu7,bOtu1745,0.695725243,1
bOtu21,bOtu703,0.698253252,1
bOtu21,bOtu96,0.8196886,1
bOtu21,bOtu256,0.666736691,1
bOtu21,bOtu116,0.724713795,1
bOtu21,bOtu248,0.657142857,1
bOtu21,bOtu205,0.714285714,1
bOtu21,bOtu594,0.753702346,1
bOtu21,bOtu103,0.685994341,1
bOtu21,bOtu3601,0.753702346,1
bOtu21,bOtu1853,0.771428571,1
bOtu21,bOtu179,0.764705882,1
bOtu21,bOtu547,0.771428571,1
bOtu21,bOtu394,0.869656553,1
bOtu21,bOtu441,0.657142857,1
bOtu21,bOtu2315,0.676123404,1
bOtu21,bOtu263,0.771428571,1
bOtu21,bOtu106,0.657142857,1
bOtu21,bOtu1512,0.695725243,1
bOtu21,bOtu773,0.77005138,1
bOtu21,bOtu287,0.695725243,1
bOtu21,bOtu836,0.666736691,1
bOtu21,bOtu4674,0.695608344,1
bOtu21,bOtu659,0.654653671,1
bOtu21,bOtu2371,0.657142857,1
eOtu108,bOtu57,0.657142857,1
eOtu108,bOtu47,0.685994341,1
eOtu108,bOtu392,0.714285714,1
eOtu108,eOtu2077,0.664211164,1
eOtu108,eOtu1064,0.654653671,1
eOtu108,eOtu782,0.741935484,1
bOtu15,bOtu96,0.657142857,1
bOtu15,bOtu582,0.657142857,1
bOtu15,bOtu1853,0.657142857,1
bOtu15,bOtu106,0.714285714,1
bOtu27,bOtu224,0.657142857,1
bOtu121,bOtu817,0.657142857,1
bOtu121,bOtu1301,0.657142857,1
eOtu30,eOtu165,-0.654653671,-1
eOtu30,eOtu763,0.753702346,1
eOtu165,bOtu179,0.654653671,1
eOtu165,bOtu553,0.654653671,1
eOtu165,eOtu1361,0.774596669,1
bOtu1059,bOtu145,0.695725243,1
bOtu1059,bOtu251,0.657142857,1
bOtu1059,bOtu63,0.840668002,1
bOtu703,bOtu40,0.664211164,1
bOtu703,bOtu311,0.698253252,1
bOtu703,bOtu96,0.764705882,1
bOtu703,bOtu256,0.695725243,1
bOtu703,bOtu116,0.764705882,1
bOtu703,bOtu265,0.828571429,1
bOtu703,bOtu201,0.695725243,1
bOtu703,bOtu248,0.823529412,1
bOtu703,bOtu205,0.666736691,1
bOtu703,bOtu594,0.935483871,1
bOtu703,bOtu828,0.83165549,1
bOtu703,bOtu138,0.764705882,1
bOtu703,bOtu1853,0.724713795,1
bOtu703,bOtu547,0.695725243,1
bOtu703,bOtu394,0.698253252,1
bOtu703,bOtu441,0.698253252,1
bOtu703,bOtu173,0.8196886,1
bOtu703,bOtu2315,0.8932596,1
bOtu703,bOtu803,0.695725243,1
bOtu703,bOtu3191,0.806451613,1
bOtu703,bOtu1512,0.806451613,1
bOtu703,bOtu469,0.657142857,1
bOtu703,bOtu1900,0.741935484,1
bOtu703,bOtu772,0.661764706,1
bOtu703,bOtu2694,0.664211164,1
bOtu703,bOtu2371,0.81167945,1
bOtu6,bOtu155,0.657142857,1
bOtu6,bOtu124,0.714285714,1
bOtu6,bOtu10,0.782690898,1
bOtu6,bOtu741,0.81167945,1
bOtu6,bOtu183,0.698253252,1
bOtu6,bOtu333,0.657142857,1
bOtu6,bOtu157,0.657142857,1
bOtu6,eOtu501,0.654653671,1
bOtu6,bOtu494,0.657142857,1
bOtu6,bOtu1238,0.657142857,1
bOtu6,bOtu1652,0.698253252,1
eOtu60,bOtu268,0.666736691,1
eOtu60,bOtu679,0.708447269,1
eOtu60,bOtu68,0.657142857,1
eOtu60,bOtu1254,0.677419355,1
eOtu60,eOtu501,0.695725243,1
eOtu60,bOtu494,0.714285714,1
eOtu60,bOtu948,0.741935484,1
eOtu60,bOtu455,0.654653671,1
bOtu368,bOtu53,0.714285714,1
bOtu368,bOtu344,0.695725243,1
bOtu368,bOtu817,0.657142857,1
bOtu368,bOtu762,0.695725243,1
bOtu368,bOtu541,0.654653671,1
bOtu368,bOtu424,0.657142857,1
bOtu368,bOtu490,0.657142857,1
bOtu368,bOtu1816,0.714285714,1
bOtu368,bOtu2156,0.657142857,1
bOtu368,bOtu2488,0.657142857,1
bOtu48,bOtu441,0.657142857,1
bOtu48,bOtu806,0.657142857,1
bOtu48,bOtu9990,0.714285714,1
bOtu48,bOtu78,0.771428571,1
eOtu72,eOtu169,0.664211164,1
eOtu72,eOtu364,0.654653671,1
eOtu72,eOtu401,0.654653671,1
eOtu72,bOtu1648,0.664211164,1
eOtu72,eOtu286,0.664211164,1
eOtu72,bOtu1664,0.774596669,1
eOtu72,eOtu417,0.695608344,1
bOtu88,bOtu256,0.714285714,1
bOtu88,bOtu116,0.695725243,1
bOtu88,bOtu248,0.657142857,1
bOtu88,bOtu18,0.657142857,1
bOtu88,bOtu205,0.714285714,1
bOtu88,bOtu59,0.771428571,1
bOtu88,bOtu233,0.705882353,1
bOtu88,bOtu576,0.695725243,1
bOtu88,bOtu146,0.771428571,1
bOtu88,bOtu989,0.666736691,1
bOtu88,bOtu803,0.657142857,1
bOtu88,bOtu258,0.657142857,1
bOtu88,bOtu3191,0.698253252,1
bOtu88,bOtu584,0.695725243,1
bOtu88,bOtu355,0.753702346,1
bOtu88,bOtu531,0.657142857,1
bOtu88,bOtu794,0.724713795,1
bOtu70,bOtu245,0.657142857,1
bOtu52,bOtu762,0.695725243,1
bOtu52,bOtu2149,0.695725243,1
eOtu307,bOtu57,0.654653671,1
eOtu307,bOtu124,-0.654653671,-1
bOtu40,bOtu311,0.657142857,1
bOtu40,bOtu96,0.666736691,1
bOtu40,bOtu158,0.657142857,1
bOtu40,eOtu347,0.657142857,1
bOtu40,bOtu441,0.657142857,1
bOtu40,bOtu460,0.753702346,1
bOtu40,bOtu300,0.771428571,1
bOtu40,bOtu3908,0.758970926,1
bOtu40,bOtu772,0.695608344,1
eOtu295,eOtu937,0.677419355,1
eOtu295,eOtu1662,0.661764706,1
eOtu295,eOtu2077,0.698253252,1
bOtu203,bOtu124,0.657142857,1
bOtu203,bOtu906,0.714285714,1
eOtu603,eOtu382,0.685994341,1
eOtu603,eOtu1226,0.657142857,1
eOtu603,eOtu381,0.657142857,1
eOtu603,eOtu1460,0.698253252,1
bOtu4162,bOtu42,0.771428571,1
bOtu4162,bOtu5585,0.771428571,1
bOtu4162,bOtu56,0.828571429,1
bOtu4162,bOtu6139,0.666736691,1
bOtu4162,bOtu1469,0.657142857,1
bOtu4162,bOtu1652,0.657142857,1
bOtu42,bOtu5585,0.941123948,1
bOtu42,eOtu364,0.657142857,1
bOtu42,bOtu56,0.840668002,1
bOtu42,bOtu6139,0.657142857,1
bOtu42,bOtu74,0.666736691,1
bOtu42,bOtu1469,0.771428571,1
bOtu42,bOtu581,0.666736691,1
bOtu42,bOtu1652,0.661764706,1
bOtu60,bOtu155,0.657142857,1
bOtu60,bOtu124,0.714285714,1
eOtu168,eOtu501,0.654653671,1
bOtu311,bOtu96,0.657142857,1
bOtu311,bOtu268,0.698253252,1
bOtu311,bOtu265,0.758970926,1
bOtu311,bOtu201,0.705882353,1
bOtu311,bOtu594,0.661764706,1
bOtu311,bOtu817,0.691176471,1
bOtu311,bOtu828,0.698253252,1
bOtu311,bOtu785,0.676123404,1
bOtu311,bOtu1853,0.657142857,1
bOtu311,bOtu333,0.657142857,1
bOtu311,bOtu208,0.666736691,1
bOtu311,bOtu223,0.714285714,1
bOtu311,bOtu679,0.664211164,1
bOtu311,eOtu1150,0.664211164,1
bOtu311,eOtu347,0.698253252,1
bOtu311,bOtu1065,0.826184389,1
bOtu311,bOtu441,0.676123404,1
bOtu311,bOtu173,0.771428571,1
bOtu311,eOtu1662,0.661764706,1
bOtu311,bOtu740,0.657142857,1
bOtu311,bOtu1361,0.666736691,1
bOtu311,bOtu844,0.664211164,1
bOtu311,bOtu4023,0.664211164,1
bOtu311,bOtu1301,0.708447269,1
bOtu311,bOtu469,0.657142857,1
bOtu311,bOtu3908,0.698253252,1
bOtu311,bOtu1900,0.758970926,1
bOtu311,bOtu2694,0.758970926,1
bOtu311,bOtu2371,0.695608344,1
bOtu111,bOtu333,0.657142857,1
bOtu111,bOtu436,0.657142857,1
bOtu111,bOtu740,0.714285714,1
bOtu155,bOtu124,0.828571429,1
bOtu155,bOtu149,0.714285714,1
bOtu155,bOtu741,0.657142857,1
bOtu155,bOtu76,0.714285714,1
bOtu155,bOtu562,0.714285714,1
bOtu155,bOtu255,0.714285714,1
bOtu155,bOtu157,0.753702346,1
bOtu155,bOtu109,0.714285714,1
bOtu155,bOtu246,0.657142857,1
bOtu155,bOtu1238,0.657142857,1
bOtu155,bOtu261,0.657142857,1
bOtu155,bOtu329,0.695725243,1
eOtu434,eOtu937,0.685994341,1
eOtu47,eOtu873,0.664211164,1
eOtu47,eOtu274,0.698253252,1
bOtu49,bOtu741,0.657142857,1
bOtu49,bOtu79,0.657142857,1
bOtu49,bOtu224,0.81167945,1
bOtu49,bOtu255,0.657142857,1
bOtu49,bOtu844,0.654653671,1
bOtu49,bOtu747,0.771428571,1
bOtu53,bOtu344,0.657142857,1
bOtu53,bOtu268,0.771428571,1
bOtu53,bOtu741,0.657142857,1
bOtu53,bOtu817,0.657142857,1
bOtu53,bOtu848,0.714285714,1
bOtu53,bOtu679,0.676123404,1
bOtu53,bOtu348,0.758970926,1
bOtu53,bOtu1361,0.698253252,1
bOtu53,bOtu1254,0.771428571,1
bOtu53,bOtu1816,0.695725243,1
bOtu53,bOtu2156,0.753702346,1
bOtu53,bOtu288,0.695725243,1
bOtu53,bOtu1652,0.657142857,1
bOtu53,bOtu948,0.654653671,1
bOtu53,bOtu1572,0.666736691,1
eOtu169,eOtu364,0.666736691,1
eOtu169,bOtu103,-0.654653671,-1
eOtu169,bOtu553,-0.698253252,-1
eOtu169,bOtu99,0.698253252,1
eOtu169,bOtu1648,0.771428571,1
eOtu169,eOtu286,0.764705882,1
eOtu169,bOtu1664,0.695608344,1
eOtu169,eOtu128,0.666736691,1
eOtu169,bOtu2990,0.708447269,1
eOtu169,bOtu532,0.657142857,1
eOtu169,bOtu288,0.708447269,1
eOtu169,eOtu1374,0.664211164,1
eOtu169,bOtu1652,0.705882353,1
eOtu169,eOtu417,0.698253252,1
eOtu169,bOtu906,0.677419355,1
eOtu33,eOtu191,0.657142857,1
eOtu33,eOtu317,0.695725243,1
bOtu101,bOtu395,0.657142857,1
bOtu96,bOtu116,0.753702346,1
bOtu96,bOtu265,0.677419355,1
bOtu96,bOtu582,0.695725243,1
bOtu96,bOtu248,0.753702346,1
bOtu96,bOtu205,0.657142857,1
bOtu96,bOtu594,0.81167945,1
bOtu96,bOtu828,0.698253252,1
bOtu96,bOtu3601,0.695725243,1
bOtu96,bOtu138,0.695725243,1
bOtu96,bOtu1853,0.758970926,1
bOtu96,bOtu547,0.677419355,1
bOtu96,bOtu394,0.828571429,1
bOtu96,bOtu441,0.657142857,1
bOtu96,bOtu173,0.753702346,1
bOtu96,bOtu460,0.771428571,1
bOtu96,bOtu2315,0.764705882,1
bOtu96,bOtu263,0.724713795,1
bOtu96,bOtu576,0.695725243,1
bOtu96,bOtu106,0.657142857,1
bOtu96,bOtu3191,0.666736691,1
bOtu96,bOtu1512,0.771428571,1
bOtu96,bOtu1900,0.691176471,1
bOtu96,bOtu772,0.676123404,1
bOtu96,bOtu773,0.714285714,1
bOtu96,bOtu287,0.664211164,1
bOtu96,bOtu453,0.708447269,1
bOtu96,bOtu794,0.657142857,1
bOtu96,bOtu659,0.654653671,1
bOtu96,bOtu2371,0.714285714,1
bOtu423,bOtu582,0.714285714,1
bOtu423,bOtu707,0.657142857,1
bOtu158,bOtu252,0.654653671,1
bOtu57,bOtu95,0.771428571,1
bOtu57,bOtu1853,0.695725243,1
bOtu57,bOtu179,0.691176471,1
bOtu57,bOtu640,0.657142857,1
bOtu57,bOtu392,0.81167945,1
bOtu57,bOtu553,0.676123404,1
bOtu57,bOtu547,0.753702346,1
bOtu57,bOtu984,0.724713795,1
bOtu57,bOtu290,0.714285714,1
bOtu57,bOtu2260,0.657142857,1
bOtu57,bOtu1773,0.758970926,1
bOtu256,bOtu116,0.880406274,1
bOtu256,bOtu265,0.691176471,1
bOtu256,bOtu248,0.771428571,1
bOtu256,bOtu205,0.806451613,1
bOtu256,bOtu594,0.764705882,1
bOtu256,bOtu103,0.828571429,1
bOtu256,bOtu138,0.753702346,1
bOtu256,bOtu1853,0.724713795,1
bOtu256,bOtu179,0.771428571,1
bOtu256,bOtu553,0.705882353,1
bOtu256,bOtu547,0.657142857,1
bOtu256,bOtu173,0.77005138,1
bOtu256,bOtu233,0.718421208,1
bOtu256,bOtu1648,-0.657142857,-1
bOtu256,bOtu263,0.758970926,1
bOtu256,bOtu576,0.685994341,1
bOtu256,bOtu146,0.657142857,1
bOtu256,bOtu3191,0.758970926,1
bOtu256,bOtu1512,0.691176471,1
bOtu256,bOtu584,0.677419355,1
bOtu256,eOtu1361,0.654653671,1
bOtu256,bOtu2174,0.664211164,1
bOtu256,bOtu773,0.714285714,1
bOtu256,bOtu287,0.77005138,1
bOtu256,bOtu548,-0.676123404,-1
bOtu256,bOtu2260,0.753702346,1
bOtu256,bOtu794,0.714285714,1
bOtu256,bOtu659,0.698253252,1
bOtu344,bOtu335,0.714285714,1
bOtu344,bOtu490,0.657142857,1
eOtu69,eOtu201,0.657142857,1
eOtu167,bOtu1664,0.654653671,1
eOtu88,eOtu134,0.664211164,1
bOtu124,bOtu149,0.657142857,1
bOtu124,bOtu741,0.657142857,1
bOtu124,bOtu76,0.657142857,1
bOtu124,bOtu487,0.657142857,1
bOtu124,bOtu562,0.657142857,1
bOtu124,bOtu255,0.657142857,1
bOtu124,bOtu157,0.771428571,1
bOtu124,bOtu109,0.714285714,1
bOtu124,bOtu1238,0.657142857,1
bOtu124,bOtu261,0.657142857,1
bOtu124,bOtu329,0.714285714,1
bOtu5585,bOtu56,0.828571429,1
bOtu5585,bOtu6139,0.698253252,1
bOtu5585,bOtu1469,0.771428571,1
bOtu5585,bOtu581,0.695725243,1
bOtu5585,bOtu1652,0.657142857,1
eOtu191,eOtu395,0.753702346,1
eOtu191,eOtu317,0.657142857,1
bOtu268,bOtu741,0.657142857,1
bOtu268,bOtu817,0.666736691,1
bOtu268,bOtu848,0.657142857,1
bOtu268,bOtu223,0.654653671,1
bOtu268,eOtu573,0.654653671,1
bOtu268,bOtu679,0.695725243,1
bOtu268,eOtu1150,0.695608344,1
bOtu268,eOtu1106,0.654653671,1
bOtu268,bOtu1065,0.676123404,1
bOtu268,bOtu348,0.774596669,1
bOtu268,bOtu1361,0.753702346,1
bOtu268,bOtu1254,0.774596669,1
bOtu268,eOtu501,0.695608344,1
bOtu268,bOtu165,0.657142857,1
bOtu268,bOtu2156,0.714285714,1
bOtu268,eOtu774,0.695725243,1
bOtu268,bOtu2694,0.666736691,1
bOtu268,bOtu1652,0.714285714,1
bOtu268,bOtu948,0.753702346,1
bOtu268,eOtu593,0.657142857,1
bOtu268,bOtu455,0.654653671,1
bOtu116,bOtu265,0.771428571,1
bOtu116,bOtu248,0.828571429,1
bOtu116,bOtu205,0.8196886,1
bOtu116,bOtu594,0.828571429,1
bOtu116,bOtu103,0.782690898,1
bOtu116,bOtu828,0.714285714,1
bOtu116,bOtu138,0.788893492,1
bOtu116,bOtu1853,0.771428571,1
bOtu116,bOtu179,0.708447269,1
bOtu116,bOtu547,0.695725243,1
bOtu116,bOtu59,0.676123404,1
bOtu116,bOtu173,0.828571429,1
bOtu116,bOtu2315,0.758970926,1
bOtu116,bOtu263,0.714285714,1
bOtu116,bOtu576,0.698253252,1
bOtu116,bOtu146,0.714285714,1
bOtu116,bOtu989,0.698253252,1
bOtu116,bOtu803,0.666736691,1
bOtu116,bOtu106,0.657142857,1
bOtu116,bOtu3191,0.771428571,1
bOtu116,bOtu1512,0.806451613,1
bOtu116,bOtu415,0.695725243,1
bOtu116,bOtu773,0.708447269,1
bOtu116,bOtu287,0.718421208,1
bOtu116,bOtu548,-0.677645214,-1
bOtu116,bOtu794,0.771428571,1
bOtu116,bOtu659,0.77005138,1
eOtu170,bOtu348,0.698253252,1
eOtu170,eOtu774,0.741935484,1
eOtu170,bOtu1652,0.691176471,1
bOtu54,bOtu128,0.714285714,1
bOtu54,bOtu984,0.695725243,1
bOtu113,bOtu436,0.657142857,1
bOtu113,bOtu613,0.657142857,1
bOtu113,bOtu469,0.657142857,1
bOtu113,bOtu434,0.657142857,1
bOtu145,bOtu63,0.657142857,1
bOtu265,bOtu201,0.666736691,1
bOtu265,bOtu248,0.823529412,1
bOtu265,bOtu205,0.705882353,1
bOtu265,bOtu594,0.828571429,1
bOtu265,bOtu183,0.695725243,1
bOtu265,bOtu828,0.808823529,1
bOtu265,bOtu138,0.714285714,1
bOtu265,bOtu1853,0.724713795,1
bOtu265,bOtu333,0.657142857,1
bOtu265,bOtu436,0.657142857,1
bOtu265,bOtu59,0.77005138,1
bOtu265,bOtu1065,0.657142857,1
bOtu265,bOtu441,0.685994341,1
bOtu265,bOtu173,0.828571429,1
bOtu265,bOtu2315,0.788893492,1
bOtu265,bOtu146,0.77005138,1
bOtu265,bOtu803,0.695725243,1
bOtu265,bOtu494,0.657142857,1
bOtu265,bOtu229,0.657142857,1
bOtu265,bOtu3191,0.826184389,1
bOtu265,bOtu1512,0.808823529,1
bOtu265,bOtu469,0.782690898,1
bOtu265,bOtu1900,0.77005138,1
bOtu265,bOtu772,0.685994341,1
bOtu265,bOtu794,0.695725243,1
bOtu265,bOtu2371,0.695725243,1
bOtu147,bOtu2265,0.753702346,1
eOtu115,eOtu354,0.714285714,1
eOtu115,eOtu538,0.657142857,1
bOtu251,bOtu170,0.657142857,1
bOtu149,bOtu562,0.657142857,1
bOtu149,bOtu538,0.714285714,1
bOtu149,bOtu515,0.714285714,1
bOtu149,bOtu157,0.676123404,1
bOtu149,bOtu329,0.657142857,1
bOtu362,bOtu424,0.657142857,1
bOtu362,bOtu1373,0.714285714,1
bOtu201,bOtu1853,0.657142857,1
bOtu201,bOtu208,0.657142857,1
bOtu201,bOtu547,0.657142857,1
bOtu201,bOtu1065,0.654653671,1
bOtu201,bOtu173,0.657142857,1
bOtu201,bOtu1301,0.657142857,1
bOtu201,bOtu1900,0.714285714,1
bOtu10,bOtu741,0.771428571,1
bOtu10,bOtu348,0.705882353,1
bOtu10,bOtu255,0.657142857,1
bOtu10,eOtu501,0.664211164,1
bOtu10,eOtu128,0.695725243,1
bOtu10,bOtu581,0.657142857,1
bOtu10,bOtu288,0.657142857,1
bOtu10,bOtu1238,0.714285714,1
bOtu10,bOtu1652,0.771428571,1
bOtu10,bOtu115,0.753702346,1
bOtu10,bOtu906,0.695725243,1
bOtu10,bOtu455,0.654653671,1
bOtu128,bOtu51,0.724713795,1
bOtu42503,bOtu233,0.714285714,1
bOtu42503,bOtu73,0.657142857,1
bOtu42503,bOtu20,0.828571429,1
bOtu42503,bOtu584,0.695725243,1
bOtu248,bOtu205,0.724713795,1
bOtu248,bOtu594,0.8932596,1
bOtu248,bOtu828,0.774596669,1
bOtu248,bOtu138,0.81167945,1
bOtu248,bOtu1853,0.764705882,1
bOtu248,bOtu394,0.661764706,1
bOtu248,bOtu59,0.714285714,1
bOtu248,bOtu64,0.657142857,1
bOtu248,bOtu173,0.81167945,1
bOtu248,bOtu2315,0.81167945,1
bOtu248,bOtu576,0.677419355,1
bOtu248,bOtu146,0.764705882,1
bOtu248,bOtu803,0.657142857,1
bOtu248,bOtu3191,0.828571429,1
bOtu248,bOtu1512,0.828571429,1
bOtu248,bOtu469,0.714285714,1
bOtu248,bOtu1900,0.661764706,1
bOtu248,bOtu287,0.685994341,1
bOtu248,bOtu794,0.771428571,1
bOtu248,bOtu659,0.685994341,1
bOtu248,bOtu2371,0.698253252,1
bOtu18,bOtu138,0.685994341,1
bOtu18,bOtu394,0.657142857,1
bOtu18,bOtu59,0.695725243,1
bOtu18,bOtu64,0.771428571,1
bOtu18,bOtu233,0.705882353,1
bOtu18,bOtu576,0.698253252,1
bOtu18,bOtu146,0.714285714,1
bOtu18,bOtu584,0.724713795,1
bOtu18,bOtu794,0.753702346,1
eOtu256,eOtu1150,0.677419355,1
eOtu256,eOtu501,0.685994341,1
bOtu741,bOtu183,0.714285714,1
bOtu741,bOtu333,0.753702346,1
bOtu741,bOtu848,0.714285714,1
bOtu741,bOtu487,0.657142857,1
bOtu741,bOtu224,0.657142857,1
bOtu741,bOtu348,0.714285714,1
bOtu741,bOtu844,0.753702346,1
bOtu741,bOtu157,0.695725243,1
bOtu741,eOtu501,0.654653671,1
bOtu741,bOtu494,0.714285714,1
bOtu741,bOtu581,0.657142857,1
bOtu741,bOtu1238,0.666736691,1
bOtu741,bOtu1652,0.782690898,1
bOtu741,bOtu906,0.657142857,1
bOtu741,bOtu455,0.676123404,1
bOtu205,bOtu594,0.753702346,1
bOtu205,bOtu103,0.714285714,1
bOtu205,bOtu138,0.666736691,1
bOtu205,bOtu1853,0.77005138,1
bOtu205,bOtu547,0.695725243,1
bOtu205,bOtu173,0.724713795,1
bOtu205,bOtu233,0.714285714,1
bOtu205,bOtu263,0.654653671,1
bOtu205,bOtu146,0.661764706,1
bOtu205,bOtu3191,0.657142857,1
bOtu205,bOtu1512,0.657142857,1
bOtu205,bOtu1900,0.657142857,1
bOtu205,bOtu415,0.695725243,1
bOtu205,bOtu773,0.657142857,1
bOtu205,bOtu287,0.666736691,1
bOtu205,bOtu794,0.695725243,1
eOtu364,eOtu401,0.657142857,1
eOtu364,bOtu6139,0.657142857,1
eOtu364,eOtu286,0.714285714,1
eOtu364,bOtu1664,0.676123404,1
eOtu364,bOtu581,0.666736691,1
eOtu364,bOtu1652,0.695725243,1
bOtu594,bOtu828,0.83165549,1
bOtu594,bOtu3601,0.657142857,1
bOtu594,bOtu138,0.826184389,1
bOtu594,bOtu1853,0.764705882,1
bOtu594,bOtu547,0.657142857,1
bOtu594,bOtu394,0.714285714,1
bOtu594,bOtu441,0.661764706,1
bOtu594,bOtu173,0.826184389,1
bOtu594,bOtu2315,0.882352941,1
bOtu594,bOtu263,0.677419355,1
bOtu594,bOtu146,0.720588235,1
bOtu594,bOtu803,0.695725243,1
bOtu594,bOtu3191,0.826184389,1
bOtu594,bOtu1512,0.828571429,1
bOtu594,bOtu469,0.657142857,1
bOtu594,bOtu1900,0.718421208,1
bOtu594,bOtu287,0.677419355,1
bOtu594,bOtu453,0.657142857,1
bOtu594,bOtu794,0.714285714,1
bOtu594,bOtu4674,0.657142857,1
bOtu594,bOtu2371,0.774596669,1
bOtu817,bOtu762,0.654653671,1
bOtu817,bOtu541,0.654653671,1
bOtu817,bOtu424,0.695725243,1
bOtu817,bOtu1065,0.676123404,1
bOtu817,bOtu1254,0.657142857,1
bOtu817,bOtu1816,0.753702346,1
bOtu817,bOtu1301,0.657142857,1
bOtu817,bOtu2694,0.840668002,1
bOtu3,bOtu76,0.657142857,1
bOtu3,bOtu99,0.657142857,1
bOtu183,bOtu828,0.657142857,1
bOtu183,bOtu785,0.657142857,1
bOtu183,bOtu333,0.695725243,1
bOtu183,bOtu252,0.657142857,1
bOtu183,bOtu538,0.714285714,1
bOtu183,bOtu255,0.714285714,1
bOtu183,bOtu515,0.657142857,1
bOtu183,bOtu844,0.758970926,1
bOtu183,bOtu157,0.753702346,1
bOtu183,bOtu494,0.724713795,1
bOtu183,bOtu469,0.758970926,1
bOtu183,eOtu629,0.654653671,1
bOtu183,bOtu455,0.676123404,1
bOtu103,bOtu3601,0.698253252,1
bOtu103,bOtu179,0.724713795,1
bOtu103,bOtu553,0.77005138,1
bOtu103,bOtu1648,-0.677645214,-1
bOtu103,bOtu263,0.77005138,1
bOtu103,bOtu576,0.695608344,1
bOtu103,bOtu584,0.753702346,1
bOtu103,eOtu1361,0.664211164,1
bOtu103,bOtu288,-0.698253252,-1
bOtu103,bOtu2174,0.741935484,1
bOtu103,bOtu773,0.724713795,1
bOtu103,bOtu287,0.77005138,1
bOtu103,bOtu4674,0.698253252,1
bOtu103,bOtu659,0.708447269,1
bOtu828,bOtu138,0.77005138,1
bOtu828,bOtu1853,0.661764706,1
bOtu828,bOtu252,0.685994341,1
bOtu828,bOtu59,0.714285714,1
bOtu828,bOtu441,0.657142857,1
bOtu828,bOtu173,0.823529412,1
bOtu828,bOtu2315,0.828571429,1
bOtu828,bOtu146,0.698253252,1
bOtu828,bOtu3191,0.8196886,1
bOtu828,bOtu1512,0.724713795,1
bOtu828,bOtu469,0.718421208,1
bOtu828,bOtu1900,0.753702346,1
bOtu828,bOtu772,0.695725243,1
bOtu828,bOtu2371,0.782690898,1
eOtu201,eOtu1662,0.657142857,1
eOtu201,bOtu3908,0.695725243,1
bOtu785,bOtu333,0.657142857,1
bOtu785,bOtu436,0.657142857,1
bOtu785,eOtu347,0.657142857,1
bOtu785,bOtu538,0.657142857,1
bOtu785,bOtu844,0.676123404,1
bOtu785,bOtu469,0.708447269,1
bOtu785,bOtu219,0.657142857,1
eOtu145,eOtu401,0.666736691,1
eOtu145,eOtu1106,0.654653671,1
eOtu145,bOtu1864,0.695725243,1
bOtu762,bOtu1065,0.685994341,1
bOtu762,bOtu1816,0.718421208,1
bOtu762,bOtu2694,0.677419355,1
eOtu113,eOtu580,0.654653671,1
eOtu873,eOtu1374,0.695608344,1
bOtu541,bOtu679,0.664211164,1
bOtu541,bOtu424,0.8196886,1
bOtu541,bOtu1745,0.764705882,1
bOtu541,bOtu1816,0.698253252,1
bOtu541,bOtu1864,0.720588235,1
bOtu541,bOtu2156,0.657142857,1
bOtu541,bOtu3761,0.685994341,1
bOtu541,bOtu554,0.698253252,1
bOtu541,eOtu629,0.657142857,1
bOtu541,bOtu78,0.666736691,1
bOtu541,bOtu807,0.720588235,1
bOtu541,bOtu1572,0.705882353,1
bOtu438,bOtu1853,0.657142857,1
bOtu79,bOtu81,0.657142857,1
bOtu79,bOtu246,0.657142857,1
bOtu79,bOtu455,0.654653671,1
eOtu354,eOtu538,0.661764706,1
eOtu354,eOtu1361,0.654653671,1
eOtu354,eOtu667,0.708447269,1
eOtu395,eOtu980,0.654653671,1
bOtu95,bOtu640,0.714285714,1
bOtu95,bOtu2604,0.657142857,1
eOtu401,bOtu1664,0.654653671,1
eOtu401,bOtu706,0.664211164,1
bOtu3601,bOtu884,0.676123404,1
bOtu3601,bOtu179,0.764705882,1
bOtu3601,bOtu553,0.724713795,1
bOtu3601,bOtu547,0.695725243,1
bOtu3601,eOtu181,0.654653671,1
bOtu3601,bOtu394,0.666736691,1
bOtu3601,bOtu263,0.806451613,1
bOtu3601,bOtu3436,0.708447269,1
bOtu3601,eOtu698,0.676123404,1
bOtu3601,eOtu1361,0.677419355,1
bOtu3601,bOtu773,0.718421208,1
bOtu3601,bOtu2604,0.695725243,1
bOtu3601,bOtu287,0.676123404,1
bOtu3601,bOtu4674,0.828571429,1
bOtu3601,bOtu659,0.695608344,1
bOtu138,bOtu64,0.698253252,1
bOtu138,bOtu173,0.724713795,1
bOtu138,bOtu2315,0.823529412,1
bOtu138,bOtu233,0.677419355,1
bOtu138,bOtu263,0.677419355,1
bOtu138,bOtu576,0.685994341,1
bOtu138,bOtu146,0.657142857,1
bOtu138,bOtu3191,0.8196886,1
bOtu138,bOtu1512,0.806451613,1
bOtu138,bOtu584,0.677419355,1
bOtu138,bOtu287,0.698253252,1
bOtu138,bOtu531,0.685994341,1
bOtu138,bOtu794,0.666736691,1
bOtu884,bOtu547,0.714285714,1
bOtu884,bOtu3436,0.828571429,1
bOtu884,bOtu4023,0.782690898,1
bOtu884,bOtu2265,0.657142857,1
bOtu884,bOtu2563,0.724713795,1
bOtu884,bOtu2604,0.695608344,1
bOtu1853,bOtu179,0.657142857,1
bOtu1853,bOtu547,0.753702346,1
bOtu1853,bOtu436,0.698253252,1
bOtu1853,bOtu394,0.714285714,1
bOtu1853,bOtu441,0.657142857,1
bOtu1853,bOtu173,0.724713795,1
bOtu1853,bOtu2315,0.664211164,1
bOtu1853,bOtu263,0.685994341,1
bOtu1853,bOtu989,0.698253252,1
bOtu1853,bOtu803,0.724713795,1
bOtu1853,bOtu1512,0.714285714,1
bOtu1853,bOtu1900,0.714285714,1
bOtu1853,bOtu773,0.788893492,1
bOtu1853,bOtu287,0.664211164,1
bOtu1853,bOtu548,-0.676123404,-1
bOtu1853,bOtu2260,0.698253252,1
bOtu1853,bOtu659,0.695608344,1
bOtu1853,bOtu2371,0.714285714,1
bOtu179,bOtu392,0.741935484,1
bOtu179,bOtu553,0.828571429,1
bOtu179,bOtu547,0.708447269,1
bOtu179,bOtu394,0.714285714,1
bOtu179,bOtu1648,-0.657142857,-1
bOtu179,bOtu263,0.788893492,1
bOtu179,eOtu286,-0.698253252,-1
bOtu179,bOtu989,0.657142857,1
bOtu179,eOtu1361,0.676123404,1
bOtu179,bOtu2174,0.724713795,1
bOtu179,bOtu773,0.77005138,1
bOtu179,bOtu287,0.708447269,1
bOtu179,bOtu548,-0.695725243,-1
bOtu179,bOtu2260,0.724713795,1
bOtu179,bOtu836,0.677419355,1
bOtu179,bOtu1773,0.77005138,1
bOtu179,bOtu4674,0.753702346,1
bOtu179,bOtu659,0.720588235,1
eOtu134,eOtu417,0.708447269,1
bOtu333,bOtu844,0.698253252,1
bOtu333,bOtu157,0.714285714,1
bOtu333,eOtu501,0.664211164,1
bOtu333,bOtu494,0.81167945,1
bOtu333,bOtu455,0.685994341,1
bOtu76,eOtu287,0.657142857,1
bOtu76,bOtu487,0.657142857,1
bOtu76,bOtu255,0.657142857,1
bOtu76,bOtu288,0.695725243,1
bOtu76,bOtu261,0.771428571,1
bOtu76,bOtu329,0.695725243,1
bOtu76,bOtu274,0.714285714,1
bOtu208,bOtu740,0.695725243,1
eOtu274,eOtu977,0.664211164,1
bOtu392,bOtu553,0.724713795,1
bOtu392,bOtu547,0.657142857,1
bOtu392,bOtu263,0.657142857,1
bOtu392,bOtu984,0.661764706,1
bOtu392,eOtu698,0.695608344,1
bOtu392,eOtu1361,0.664211164,1
bOtu392,bOtu773,0.695725243,1
bOtu392,bOtu2260,0.695725243,1
bOtu392,bOtu1773,0.788893492,1
bOtu56,bOtu6139,0.695725243,1
bOtu56,bOtu1469,0.782690898,1
bOtu848,bOtu679,0.676123404,1
bOtu848,bOtu1065,0.654653671,1
bOtu848,bOtu348,0.654653671,1
bOtu848,eOtu501,0.654653671,1
bOtu848,bOtu2156,0.698253252,1
bOtu848,bOtu807,0.695725243,1
bOtu848,bOtu1264,0.657142857,1
bOtu223,bOtu1065,0.654653671,1
bOtu223,bOtu1361,0.657142857,1
bOtu223,bOtu3908,0.654653671,1
bOtu223,bOtu948,0.698253252,1
bOtu553,eOtu980,0.654653671,1
bOtu553,bOtu1648,-0.753702346,-1
bOtu553,bOtu263,0.741935484,1
bOtu553,eOtu286,-0.724713795,-1
bOtu553,eOtu128,-0.654653671,-1
bOtu553,bOtu199,-0.676123404,-1
bOtu553,bOtu584,0.695725243,1
bOtu553,eOtu1361,0.695608344,1
bOtu553,bOtu288,-0.677645214,-1
bOtu553,bOtu2174,0.806451613,1
bOtu553,bOtu773,0.77005138,1
bOtu553,bOtu115,-0.676123404,-1
bOtu553,bOtu287,0.695608344,1
bOtu553,bOtu548,-0.654653671,-1
bOtu553,bOtu2260,0.695608344,1
bOtu553,bOtu1773,0.718421208,1
bOtu553,bOtu4674,0.720588235,1
bOtu553,bOtu659,0.677419355,1
bOtu2481,bOtu245,0.657142857,1
bOtu2481,bOtu274,0.657142857,1
bOtu386,bOtu233,-0.657142857,-1
bOtu386,eOtu538,-0.654653671,-1
bOtu386,bOtu1864,0.714285714,1
bOtu386,bOtu1572,0.666736691,1
bOtu252,bOtu157,0.741935484,1
bOtu252,bOtu300,0.695608344,1
bOtu252,bOtu229,0.77005138,1
bOtu252,bOtu3191,0.664211164,1
bOtu252,bOtu469,0.695608344,1
bOtu252,bOtu772,0.664211164,1
bOtu252,bOtu453,0.664211164,1
bOtu547,bOtu394,0.657142857,1
bOtu547,bOtu173,0.657142857,1
bOtu547,bOtu263,0.685994341,1
bOtu547,bOtu4023,0.718421208,1
bOtu547,bOtu2265,0.666736691,1
bOtu547,bOtu1900,0.698253252,1
bOtu547,bOtu548,-0.677645214,-1
bOtu547,bOtu2260,0.714285714,1
bOtu547,bOtu4674,0.657142857,1
bOtu335,bOtu1648,0.695725243,1
eOtu573,eOtu501,0.695608344,1
eOtu287,eOtu1254,0.708447269,1
eOtu358,eOtu980,0.654653671,1
bOtu436,bOtu740,0.714285714,1
bOtu436,bOtu146,0.657142857,1
bOtu436,bOtu803,0.657142857,1
bOtu436,bOtu469,0.698253252,1
bOtu436,bOtu794,0.657142857,1
bOtu679,eOtu1150,0.677419355,1
bOtu679,bOtu1065,0.741935484,1
bOtu679,bOtu515,0.685994341,1
bOtu679,bOtu1254,0.77005138,1
bOtu679,eOtu501,0.695608344,1
bOtu679,bOtu494,0.753702346,1
bOtu679,bOtu2156,0.695725243,1
bOtu679,eOtu629,0.718421208,1
bOtu679,bOtu2694,0.666736691,1
bOtu679,bOtu948,0.685994341,1
eOtu1150,eOtu1106,0.664211164,1
eOtu1150,bOtu1065,0.741935484,1
eOtu1150,eOtu1662,0.664211164,1
eOtu1150,eOtu501,0.695608344,1
eOtu1150,eOtu629,0.677419355,1
eOtu1150,eOtu1401,0.661764706,1
eOtu1150,eOtu1083,0.695608344,1
bOtu120,bOtu319,0.657142857,1
eOtu2751,eOtu1984,0.677419355,1
bOtu394,bOtu460,0.705882353,1
bOtu394,bOtu2315,0.657142857,1
bOtu394,bOtu263,0.77005138,1
bOtu394,bOtu106,0.698253252,1
bOtu394,bOtu1512,0.676123404,1
bOtu394,bOtu773,0.753702346,1
bOtu394,bOtu287,0.695608344,1
eOtu352,eOtu333,0.774596669,1
eOtu1106,bOtu1065,0.664211164,1
eOtu980,bOtu2604,0.654653671,1
bOtu424,bOtu1745,0.718421208,1
bOtu424,bOtu1816,0.695725243,1
bOtu424,bOtu1864,0.695725243,1
bOtu424,bOtu78,0.695725243,1
bOtu424,bOtu807,0.657142857,1
bOtu424,bOtu2694,0.720588235,1
bOtu424,eOtu1689,0.666736691,1
bOtu68,bOtu494,0.657142857,1
bOtu68,eOtu629,0.695725243,1
bOtu59,bOtu41,0.695725243,1
bOtu59,bOtu64,0.705882353,1
bOtu59,bOtu173,0.714285714,1
bOtu59,bOtu576,0.698253252,1
bOtu59,bOtu146,0.828571429,1
bOtu59,bOtu803,0.771428571,1
bOtu59,bOtu3191,0.782690898,1
bOtu59,bOtu1512,0.698253252,1
bOtu59,bOtu469,0.823529412,1
bOtu59,bOtu415,0.657142857,1
bOtu59,bOtu794,0.771428571,1
bOtu1065,bOtu173,0.666736691,1
bOtu1065,eOtu1662,0.654653671,1
bOtu1065,bOtu1361,0.654653671,1
bOtu1065,bOtu1254,0.657142857,1
bOtu1065,eOtu501,0.664211164,1
bOtu1065,bOtu494,0.685994341,1
bOtu1065,bOtu2156,0.654653671,1
bOtu1065,bOtu1301,0.654653671,1
bOtu1065,eOtu629,0.695608344,1
bOtu1065,bOtu3908,0.708447269,1
bOtu1065,bOtu772,0.654653671,1
bOtu1065,bOtu2694,0.708447269,1
bOtu1065,bOtu948,0.691176471,1
bOtu1065,eOtu593,0.664211164,1
eOtu1226,eOtu1460,0.718421208,1
eOtu1226,eOtu1083,0.666736691,1
eOtu1226,eOtu2275,0.718421208,1
bOtu487,bOtu1664,0.654653671,1
bOtu487,bOtu581,0.657142857,1
eOtu553,bOtu1864,0.695608344,1
eOtu553,eOtu1083,0.657142857,1
bOtu441,bOtu173,0.676123404,1
bOtu441,bOtu460,0.676123404,1
bOtu441,bOtu2315,0.695725243,1
bOtu441,bOtu9990,0.657142857,1
bOtu441,bOtu3191,0.654653671,1
bOtu441,bOtu1512,0.657142857,1
bOtu441,bOtu3908,0.676123404,1
bOtu441,bOtu772,0.695725243,1
bOtu99,bOtu1648,0.695725243,1
bOtu99,bOtu467,0.714285714,1
bOtu99,bOtu2990,0.654653671,1
bOtu41,bOtu64,0.771428571,1
bOtu41,bOtu657,0.657142857,1
bOtu41,bOtu233,0.771428571,1
bOtu41,bOtu576,0.657142857,1
bOtu41,bOtu146,0.714285714,1
bOtu41,bOtu3191,0.654653671,1
bOtu41,bOtu415,0.714285714,1
bOtu41,bOtu184,0.695725243,1
bOtu41,bOtu794,0.714285714,1
bOtu562,bOtu515,0.657142857,1
bOtu562,bOtu157,0.657142857,1
bOtu562,bOtu329,0.657142857,1
bOtu64,bOtu657,0.695725243,1
bOtu64,bOtu233,0.771428571,1
bOtu64,bOtu146,0.714285714,1
bOtu64,bOtu3191,0.695725243,1
bOtu64,bOtu584,0.664211164,1
bOtu64,bOtu469,0.677419355,1
bOtu64,bOtu169,0.698253252,1
bOtu64,bOtu415,0.718421208,1
bOtu64,bOtu794,0.771428571,1
bOtu173,bOtu2315,0.758970926,1
bOtu173,bOtu146,0.698253252,1
bOtu173,bOtu3191,0.788893492,1
bOtu173,bOtu1512,0.718421208,1
bOtu173,bOtu469,0.741935484,1
bOtu173,bOtu1900,0.695608344,1
bOtu173,bOtu453,0.677419355,1
bOtu173,bOtu794,0.714285714,1
bOtu173,bOtu2371,0.720588235,1
bOtu240,bOtu258,0.714285714,1
bOtu657,bOtu20,0.695725243,1
bOtu657,bOtu184,0.657142857,1
bOtu460,bOtu2315,0.664211164,1
bOtu460,eOtu1662,0.657142857,1
bOtu460,bOtu300,0.718421208,1
bOtu460,bOtu3908,0.685994341,1
bOtu460,bOtu772,0.741935484,1
bOtu2315,bOtu263,0.657142857,1
bOtu2315,bOtu146,0.695725243,1
bOtu2315,bOtu803,0.676123404,1
bOtu2315,bOtu3191,0.828571429,1
bOtu2315,bOtu1512,0.880406274,1
bOtu2315,bOtu469,0.661764706,1
bOtu2315,bOtu1900,0.753702346,1
bOtu2315,bOtu2371,0.718421208,1
bOtu233,bOtu146,0.714285714,1
bOtu233,bOtu73,0.657142857,1
bOtu233,bOtu467,-0.695725243,-1
bOtu233,bOtu584,0.782690898,1
bOtu233,bOtu415,0.77005138,1
bOtu233,bOtu531,0.685994341,1
bOtu233,bOtu794,0.714285714,1
bOtu490,bOtu1745,0.654653671,1
bOtu490,bOtu3761,0.695725243,1
bOtu490,bOtu1572,0.654653671,1
bOtu1648,bOtu263,-0.654653671,-1
bOtu1648,eOtu286,0.720588235,1
bOtu1648,bOtu1664,0.685994341,1
bOtu1648,bOtu432,0.708447269,1
bOtu1648,bOtu199,0.714285714,1
bOtu1648,bOtu467,0.771428571,1
bOtu1648,bOtu2990,0.676123404,1
bOtu1648,bOtu584,-0.753702346,-1
bOtu1648,eOtu1361,-0.654653671,-1
bOtu1648,bOtu532,0.758970926,1
bOtu1648,bOtu288,0.724713795,1
bOtu1648,bOtu2174,-0.698253252,-1
bOtu1648,bOtu287,-0.654653671,-1
bOtu1648,eOtu417,0.685994341,1
bOtu1648,bOtu548,0.685994341,1
bOtu1648,bOtu906,0.714285714,1
bOtu224,bOtu538,0.657142857,1
bOtu224,bOtu803,0.657142857,1
bOtu224,bOtu747,0.771428571,1
bOtu224,bOtu469,0.676123404,1
bOtu681,bOtu803,0.657142857,1
bOtu74,bOtu740,0.771428571,1
bOtu74,bOtu1361,0.695725243,1
bOtu74,bOtu844,0.654653671,1
bOtu74,bOtu455,0.654653671,1
bOtu1745,bOtu1816,0.664211164,1
bOtu1745,bOtu638,0.654653671,1
bOtu1745,bOtu807,0.654653671,1
bOtu1745,bOtu1037,0.664211164,1
eOtu1662,bOtu3908,0.695725243,1
eOtu1662,eOtu1401,0.685994341,1
bOtu740,bOtu844,0.698253252,1
bOtu740,bOtu134,0.657142857,1
bOtu740,bOtu415,0.657142857,1
bOtu740,bOtu184,0.657142857,1
bOtu740,bOtu455,0.654653671,1
bOtu263,bOtu576,0.685994341,1
bOtu263,bOtu989,0.654653671,1
bOtu263,bOtu106,0.664211164,1
bOtu263,bOtu584,0.708447269,1
bOtu263,eOtu1361,0.695608344,1
bOtu263,bOtu2174,0.695608344,1
bOtu263,bOtu773,0.714285714,1
bOtu263,bOtu287,0.764705882,1
bOtu263,bOtu548,-0.654653671,-1
bOtu263,bOtu2260,0.708447269,1
bOtu263,bOtu836,0.705882353,1
bOtu263,bOtu4674,0.764705882,1
bOtu263,bOtu659,0.741935484,1
eOtu286,bOtu1664,0.698253252,1
eOtu286,bOtu432,0.664211164,1
eOtu286,eOtu128,0.77005138,1
eOtu286,bOtu199,0.657142857,1
eOtu286,bOtu2990,0.685994341,1
eOtu286,bOtu288,0.657142857,1
eOtu286,eOtu1374,0.758970926,1
eOtu286,bOtu1652,0.708447269,1
eOtu286,eOtu417,0.774596669,1
eOtu286,bOtu836,-0.654653671,-1
eOtu286,eOtu977,0.664211164,1
eOtu286,bOtu4674,-0.698253252,-1
eOtu219,eOtu580,0.654653671,1
bOtu538,bOtu515,0.714285714,1
bOtu538,bOtu844,0.698253252,1
bOtu538,bOtu469,0.714285714,1
bOtu538,bOtu3908,0.654653671,1
bOtu538,bOtu772,0.657142857,1
bOtu538,bOtu434,0.657142857,1
bOtu538,bOtu948,0.657142857,1
bOtu984,bOtu1773,0.685994341,1
bOtu363,bOtu613,0.657142857,1
bOtu348,bOtu1361,0.714285714,1
bOtu348,bOtu1254,0.657142857,1
bOtu348,bOtu1664,0.664211164,1
bOtu348,eOtu501,0.666736691,1
bOtu348,bOtu581,0.657142857,1
bOtu348,bOtu2156,0.724713795,1
bOtu348,bOtu288,0.753702346,1
bOtu348,eOtu774,0.657142857,1
bOtu348,bOtu1652,0.808823529,1
bOtu348,bOtu948,0.657142857,1
bOtu348,eOtu977,0.698253252,1
bOtu348,bOtu906,0.753702346,1
bOtu348,bOtu1264,0.657142857,1
bOtu1469,eOtu501,0.654653671,1
bOtu1361,bOtu2156,0.695725243,1
bOtu576,bOtu146,0.708447269,1
bOtu576,bOtu106,0.676123404,1
bOtu576,bOtu3191,0.695725243,1
bOtu576,bOtu1512,0.724713795,1
bOtu576,bOtu584,0.708447269,1
bOtu576,bOtu548,-0.654653671,-1
bOtu576,bOtu355,0.657142857,1
bOtu576,bOtu531,0.657142857,1
bOtu576,bOtu794,0.764705882,1
bOtu146,bOtu803,0.724713795,1
bOtu146,bOtu3191,0.81167945,1
bOtu146,bOtu1512,0.753702346,1
bOtu146,bOtu584,0.664211164,1
bOtu146,bOtu469,0.771428571,1
bOtu146,bOtu415,0.657142857,1
bOtu146,bOtu355,0.695725243,1
bOtu146,bOtu794,0.771428571,1
bOtu143,bOtu1483,0.714285714,1
bOtu143,eOtu1361,-0.654653671,-1
bOtu143,bOtu1572,0.657142857,1
bOtu255,bOtu844,0.664211164,1
bOtu255,bOtu1238,0.657142857,1
bOtu255,bOtu261,0.714285714,1
bOtu255,bOtu329,0.657142857,1
bOtu255,bOtu115,0.698253252,1
bOtu255,bOtu247,0.657142857,1
bOtu255,bOtu455,0.676123404,1
bOtu73,bOtu110,0.661764706,1
bOtu33,bOtu532,0.695608344,1
bOtu33,bOtu906,0.695725243,1
bOtu515,bOtu157,0.657142857,1
bOtu515,bOtu219,0.677419355,1
bOtu515,bOtu329,0.714285714,1
bOtu515,bOtu948,0.695608344,1
eOtu538,bOtu584,0.695725243,1
bOtu3436,bOtu462,0.657142857,1
bOtu3436,bOtu4023,0.718421208,1
bOtu3436,bOtu2265,0.666736691,1
bOtu3436,bOtu2563,0.758970926,1
eOtu1460,eOtu2275,0.718421208,1
bOtu989,bOtu2174,0.666736691,1
bOtu989,bOtu773,0.666736691,1
bOtu989,bOtu548,-0.657142857,-1
bOtu989,bOtu659,0.698253252,1
bOtu844,bOtu157,0.657142857,1
bOtu844,bOtu29,0.666736691,1
bOtu844,bOtu494,0.685994341,1
bOtu844,bOtu469,0.666736691,1
bOtu844,bOtu1238,0.654653671,1
bOtu844,bOtu219,0.664211164,1
bOtu844,bOtu948,0.698253252,1
bOtu844,bOtu455,0.867647059,1
bOtu157,bOtu494,0.666736691,1
bOtu157,bOtu229,0.657142857,1
bOtu157,bOtu329,0.657142857,1
bOtu157,bOtu455,0.654653671,1
bOtu29,bOtu219,0.657142857,1
bOtu29,bOtu184,0.657142857,1
bOtu1254,bOtu1816,0.695725243,1
bOtu1254,bOtu1864,0.666736691,1
bOtu1254,bOtu2156,0.753702346,1
bOtu1254,eOtu629,0.661764706,1
bOtu1254,bOtu948,0.685994341,1
bOtu1664,eOtu128,0.654653671,1
bOtu1664,bOtu2990,0.695608344,1
bOtu1664,bOtu532,0.666736691,1
bOtu1664,bOtu1652,0.724713795,1
bOtu1664,eOtu417,0.708447269,1
bOtu1664,bOtu906,0.664211164,1
bOtu189,bOtu707,0.657142857,1
bOtu4023,bOtu2265,0.77005138,1
bOtu4023,bOtu2563,0.705882353,1
bOtu4023,bOtu1900,0.657142857,1
eOtu501,bOtu494,0.698253252,1
eOtu501,bOtu2156,0.654653671,1
eOtu501,bOtu360,0.654653671,1
eOtu501,eOtu629,0.677419355,1
eOtu501,bOtu1652,0.695608344,1
eOtu501,bOtu948,0.685994341,1
eOtu501,bOtu906,0.685994341,1
eOtu501,bOtu455,0.695608344,1
bOtu2265,bOtu2563,0.714285714,1
bOtu2265,bOtu2260,0.657142857,1
bOtu432,bOtu199,0.771428571,1
bOtu432,bOtu288,0.666736691,1
bOtu1816,bOtu1864,0.677419355,1
bOtu1816,bOtu2156,0.676123404,1
bOtu1816,bOtu807,0.657142857,1
bOtu1816,bOtu2694,0.724713795,1
bOtu1816,bOtu1572,0.664211164,1
bOtu803,bOtu3191,0.666736691,1
bOtu803,bOtu1512,0.698253252,1
bOtu803,bOtu469,0.753702346,1
bOtu803,bOtu794,0.714285714,1
bOtu106,bOtu773,0.666736691,1
bOtu106,bOtu836,0.657142857,1
bOtu300,bOtu3908,0.714285714,1
bOtu300,bOtu772,0.714285714,1
bOtu747,bOtu469,0.657142857,1
bOtu494,eOtu629,0.708447269,1
bOtu494,bOtu3908,0.657142857,1
bOtu494,bOtu455,0.695608344,1
bOtu137,bOtu467,0.657142857,1
bOtu229,bOtu469,0.657142857,1
bOtu3191,bOtu1512,0.808823529,1
bOtu3191,bOtu469,0.771428571,1
bOtu3191,bOtu1900,0.695725243,1
bOtu3191,bOtu794,0.771428571,1
bOtu3191,bOtu2371,0.677419355,1
bOtu1512,bOtu1900,0.705882353,1
bOtu1512,bOtu548,-0.654653671,-1
bOtu1512,bOtu794,0.753702346,1
bOtu1512,bOtu2371,0.691176471,1
eOtu128,bOtu1652,0.705882353,1
eOtu128,eOtu977,0.695725243,1
bOtu199,bOtu109,0.657142857,1
bOtu199,bOtu288,0.691176471,1
bOtu199,bOtu2174,-0.654653671,-1
bOtu467,bOtu532,0.676123404,1
bOtu467,bOtu288,0.685994341,1
bOtu467,bOtu706,0.654653671,1
bOtu467,bOtu906,0.666736691,1
bOtu581,bOtu1652,0.695725243,1
bOtu946,bOtu948,0.654653671,1
bOtu2990,eOtu1374,0.664211164,1
bOtu2990,eOtu417,0.695608344,1
bOtu2990,bOtu548,0.695608344,1
bOtu1864,bOtu3761,0.698253252,1
bOtu1864,bOtu807,0.666736691,1
bOtu1864,bOtu1572,0.771428571,1
bOtu1864,bOtu1264,0.657142857,1
bOtu20,bOtu584,0.657142857,1
bOtu2156,bOtu3908,0.664211164,1
bOtu2156,bOtu948,0.708447269,1
bOtu2156,bOtu1572,0.666736691,1
bOtu584,eOtu1361,0.666736691,1
bOtu584,bOtu288,-0.676470588,-1
bOtu584,bOtu2174,0.724713795,1
bOtu584,bOtu287,0.714285714,1
bOtu584,bOtu355,0.705882353,1
bOtu584,bOtu531,0.83165549,1
bOtu584,bOtu794,0.664211164,1
bOtu584,bOtu906,-0.657142857,-1
eOtu580,bOtu134,0.654653671,1
bOtu3761,bOtu1572,0.714285714,1
bOtu109,bOtu247,0.657142857,1
eOtu1361,bOtu288,-0.654653671,-1
eOtu1361,bOtu2174,0.664211164,1
eOtu1361,bOtu287,0.705882353,1
eOtu1361,bOtu274,-0.654653671,-1
eOtu1361,bOtu1773,0.676123404,1
eOtu1361,bOtu531,0.654653671,1
eOtu1361,bOtu4674,0.676123404,1
eOtu1361,bOtu1264,-0.654653671,-1
bOtu360,bOtu948,0.654653671,1
bOtu1301,bOtu2694,0.698253252,1
bOtu1301,bOtu319,0.661764706,1
bOtu1147,bOtu3908,0.654653671,1
bOtu246,bOtu274,0.695725243,1
bOtu246,bOtu247,0.657142857,1
bOtu2488,bOtu3908,0.676123404,1
bOtu469,bOtu434,0.657142857,1
bOtu469,bOtu794,0.714285714,1
bOtu3908,bOtu772,0.718421208,1
bOtu3908,bOtu2694,0.677419355,1
bOtu1900,bOtu2694,0.698253252,1
bOtu1900,bOtu2371,0.714285714,1
bOtu772,bOtu453,0.677419355,1
bOtu288,bOtu2174,-0.676123404,-1
bOtu288,bOtu1652,0.724713795,1
bOtu288,bOtu1572,0.666736691,1
bOtu288,bOtu906,0.718421208,1
bOtu288,bOtu1264,0.657142857,1
bOtu2174,bOtu773,0.718421208,1
bOtu2174,bOtu287,0.677419355,1
bOtu2174,bOtu1773,0.695608344,1
bOtu2174,bOtu659,0.718421208,1
bOtu9525,bOtu274,0.661764706,1
bOtu1238,bOtu115,0.657142857,1
bOtu1238,bOtu455,0.685994341,1
bOtu134,bOtu219,0.657142857,1
bOtu134,bOtu184,0.657142857,1
bOtu415,bOtu794,0.695725243,1
bOtu219,bOtu948,0.714285714,1
bOtu219,bOtu455,0.666736691,1
bOtu261,bOtu329,0.657142857,1
bOtu773,bOtu287,0.724713795,1
bOtu773,bOtu2260,0.698253252,1
bOtu773,bOtu1773,0.664211164,1
bOtu773,bOtu4674,0.691176471,1
bOtu773,bOtu659,0.741935484,1
bOtu2694,bOtu2371,0.657142857,1
bOtu2604,bOtu4674,0.657142857,1
eOtu1374,bOtu1652,0.705882353,1
eOtu1374,eOtu417,0.657142857,1
bOtu1652,bOtu411,0.691176471,1
bOtu1652,bOtu906,0.724713795,1
bOtu115,bOtu247,0.657142857,1
bOtu115,bOtu455,0.685994341,1
bOtu184,bOtu435,0.657142857,1
bOtu287,bOtu4674,0.664211164,1
bOtu287,bOtu659,0.691176471,1
bOtu948,bOtu319,0.664211164,1
bOtu948,bOtu1264,0.666736691,1
bOtu948,bOtu455,0.718421208,1
bOtu548,bOtu2260,-0.695725243,-1
bOtu548,bOtu836,-0.654653671,-1
bOtu548,bOtu659,-0.676123404,-1
bOtu355,bOtu531,0.666736691,1
bOtu453,bOtu2371,0.657142857,1
bOtu2260,bOtu836,0.714285714,1
bOtu2260,bOtu659,0.654653671,1
bOtu836,bOtu4674,0.685994341,1
