SampleID,Climate,Geo_Region,Vegetation,net,Longitude,Latitude,Distance_from_equator,Elevation,MAT,TSEA,PSEA,MAP,Soil_C,Texture,Soil_N,pH
X2,Arid,Mid_latitude,Forest,Cluster1,-111.425,35.397,35.397,1829,10.7,0.9,40,357,3.060116,55.6577988,0.105640127,6.71
X3,Arid,Mid_latitude,Forest,Cluster1,-111.425,35.397,35.397,1829,10.7,0.9,40,357,0.379412,55.6577988,0.036431052,7.22
X4,Arid,Mid_latitude,Forest,Cluster1,-111.425,35.397,35.397,1829,10.7,0.9,40,357,0.173204,55.6577988,0.010165105,7.53
X5,Arid,Mid_latitude,Forest,Cluster1,-111.425,35.397,35.397,1829,10.7,0.9,40,357,0.465332,55.6577988,0.035300341,7.1
X7,Arid,Mid_latitude,Forest,Cluster1,-111.273,35.144,35.144,1797,10.9,0.9,40,393,2.407124,46.4850998,0.298156895,8.01
X8,Arid,Mid_latitude,Forest,Cluster1,-111.273,35.144,35.144,1797,10.9,0.9,40,393,1.255796,46.4850998,0.152076439,7.35
X9,Arid,Mid_latitude,Forest,Cluster1,-111.273,35.144,35.144,1797,10.9,0.9,40,393,1.066772,46.4850998,0.129677663,7.16
X10,Arid,Mid_latitude,Forest,Cluster1,-111.273,35.144,35.144,1797,10.9,0.9,40,393,1.01522,46.4850998,0.125361533,7.33
X11,Arid,Mid_latitude,Forest,Cluster1,-111.867,35.539,35.539,2112,8,1.3,36,469,4.847252,61.1595001,0.336708774,7.49
X12,Arid,Mid_latitude,Forest,Cluster1,-111.867,35.539,35.539,2112,8,1.3,36,469,4.039604,61.1595001,0.247714243,7.2375
X13,Arid,Mid_latitude,Forest,Cluster1,-111.867,35.539,35.539,2112,8,1.3,36,469,6.892148,61.1595001,0.386984523,7.61
X14,Arid,Mid_latitude,Forest,Cluster1,-111.867,35.539,35.539,2112,8,1.3,36,469,2.922644,61.1595001,0.16961231,7.19
X15,Arid,Mid_latitude,Forest,Cluster1,-111.867,35.539,35.539,2112,8,1.3,36,469,9.315092,61.1595001,0.302692376,6.66
X17,Continental,Mid_latitude,Forest,Cluster1,-112.136,35.385,35.385,2028,9.1,1.3,39,489,3.42098,56.4850998,0.288313657,7.02
X18,Continental,Mid_latitude,Forest,Cluster1,-112.136,35.385,35.385,2028,9.1,1.3,39,489,2.04626,56.4850998,0.188777217,7.13
X19,Continental,Mid_latitude,Forest,Cluster1,-112.136,35.385,35.385,2028,9.1,1.3,39,489,2.974196,56.4850998,0.317357877,7.56
X20,Continental,Mid_latitude,Forest,Cluster1,-112.136,35.385,35.385,2028,9.1,1.3,39,489,1.410452,56.4850998,0.144629113,7.16
X21,Arid,Mid_latitude,Grassland,Cluster1,-105.245,39.954,39.954,1688,9.5,1.4,42,428,4.142708,54.9967003,0.439726865,4.94
X22,Arid,Mid_latitude,Grassland,Cluster1,-105.245,39.954,39.954,1688,9.5,1.4,42,428,2.166548,54.9967003,0.277584541,6.1
X23,Arid,Mid_latitude,Grassland,Cluster1,-105.245,39.954,39.954,1688,9.5,1.4,42,428,2.252468,54.9967003,0.294472725,6.25
X24,Arid,Mid_latitude,Grassland,Cluster1,-105.245,39.954,39.954,1688,9.5,1.4,42,428,4.469204,54.9967003,0.518429254,5.48
X25,Arid,Mid_latitude,Grassland,Cluster1,-105.245,39.954,39.954,1688,9.5,1.4,42,428,5.122196,54.9967003,0.668128051,4.99
X26,Arid,Mid_latitude,Grassland,Cluster1,-105.243,39.958,39.958,1688,9.6,1.4,42,428,2.974196,55,0.293797048,5.8
X27,Arid,Mid_latitude,Grassland,Cluster1,-105.243,39.958,39.958,1688,9.6,1.4,42,428,3.730292,55,0.413760786,6.43
X28,Arid,Mid_latitude,Grassland,Cluster1,-105.243,39.958,39.958,1688,9.6,1.4,42,428,3.85058,55,0.362551864,6.14
X29,Arid,Mid_latitude,Grassland,Cluster1,-105.243,39.958,39.958,1688,9.6,1.4,42,428,3.386612,55,0.394463869,5.93
X30,Arid,Mid_latitude,Grassland,Cluster1,-105.243,39.958,39.958,1688,9.6,1.4,42,428,4.28018,55,0.528933305,6.25
X32,Arid,Mid_latitude,Grassland,Cluster1,-105.248,39.959,39.959,1689,9.6,1.4,42,428,3.025748,55,0.43988572,6
X33,Arid,Mid_latitude,Grassland,Cluster1,-105.248,39.959,39.959,1689,9.6,1.4,42,428,4.228628,55,0.561508464,5.7
X34,Arid,Mid_latitude,Grassland,Cluster1,-105.248,39.959,39.959,1689,9.6,1.4,42,428,2.424308,55,0.464485042,6.15
X35,Arid,Mid_latitude,Grassland,Cluster1,-105.248,39.959,39.959,1689,9.6,1.4,42,428,3.42098,55,0.378115344,6.03
X36,Arid,Mid_latitude,Grassland,Cluster1,-105.231,39.94,39.94,1805,8.8,1.4,42,432,3.094484,56.8272018,0.378038419,6.27
X37,Arid,Mid_latitude,Grassland,Cluster1,-105.231,39.94,39.94,1805,8.8,1.4,42,432,3.300692,56.8272018,0.400310048,5.97
X38,Arid,Mid_latitude,Grassland,Cluster1,-105.231,39.94,39.94,1805,8.8,1.4,42,432,3.541268,56.8272018,0.508834344,6.46
X39,Arid,Mid_latitude,Grassland,Cluster1,-105.231,39.94,39.94,1805,8.8,1.4,42,432,4.297364,56.8272018,0.463233896,5.98
X40,Arid,Mid_latitude,Grassland,Cluster1,-105.231,39.94,39.94,1805,8.8,1.4,42,432,3.85058,56.8272018,0.302966069,6.33
X41,Continental,Mid_latitude,Grassland,Cluster1,-105.245,39.882,39.882,1917,8.1,1.3,43,435,5.758004,52.3321991,0.383547277,5.82
X42,Continental,Mid_latitude,Grassland,Cluster1,-105.245,39.882,39.882,1917,8.1,1.3,43,435,3.180404,52.3321991,0.359292017,5.57
X43,Continental,Mid_latitude,Grassland,Cluster1,-105.245,39.882,39.882,1917,8.1,1.3,43,435,5.809556,52.3321991,0.553328685,5.89
X44,Continental,Mid_latitude,Grassland,Cluster1,-105.245,39.882,39.882,1917,8.1,1.3,43,435,4.915988,52.3321991,0.60367685,6.24
X45,Continental,Mid_latitude,Grassland,Cluster1,-105.245,39.882,39.882,1917,8.1,1.3,43,435,3.524084,52.3321991,0.469747281,6.3
X46,Continental,Mid_latitude,Grassland,Cluster1,-105.243,39.868,39.868,1918,8.1,1.3,43,435,5.758004,53.6610985,0.592590955,5.92
X47,Continental,Mid_latitude,Grassland,Cluster1,-105.243,39.868,39.868,1918,8.1,1.3,43,435,5.208116,53.6610985,0.494067946,5.54
X48,Continental,Mid_latitude,Grassland,Cluster1,-105.243,39.868,39.868,1918,8.1,1.3,43,435,4.726964,53.6610985,0.517233489,5.81
X49,Continental,Mid_latitude,Grassland,Cluster1,-105.243,39.868,39.868,1918,8.1,1.3,43,435,4.262996,53.6610985,0.472620422,5.98
X50,Continental,Mid_latitude,Grassland,Cluster1,-105.243,39.868,39.868,1918,8.1,1.3,43,435,4.159892,53.6610985,0.477712853,5.92
X51,Mediterranean_oceanic,Mid_latitude,Others,Cluster2,-71.627,-38.75,38.75,854,9.6,4.8,64,1948,0.345044,44.3223,0.018777282,6.25
X52,Mediterranean_oceanic,Mid_latitude,Others,Cluster2,-71.627,-38.75,38.75,854,9.6,4.8,64,1948,0.104468,44.3223,0.008045607,6.45
X53,Mediterranean_oceanic,Mid_latitude,Others,Cluster2,-71.627,-38.75,38.75,854,9.6,4.8,64,1948,0.259124,44.3223,0.015765217,6.44
X54,Mediterranean_oceanic,Mid_latitude,Others,Cluster2,-71.627,-38.75,38.75,854,9.6,4.8,64,1948,0.430964,44.3223,0.02929497,6.3
X55,Mediterranean_oceanic,Mid_latitude,Others,Cluster2,-71.627,-38.75,38.75,854,9.6,4.8,64,1948,0.24194,44.3223,0.009206217,6.64
X56,Mediterranean_oceanic,Mid_latitude,Forest,Cluster2,-71.656,-38.737,38.737,973,9.2,4.7,64,1949,5.190932,44.1627998,0.391471606,5.8
X57,Mediterranean_oceanic,Mid_latitude,Forest,Cluster2,-71.656,-38.737,38.737,973,9.2,4.7,64,1949,7.442036,44.1627998,0.476248592,5.74
X58,Mediterranean_oceanic,Mid_latitude,Forest,Cluster2,-71.656,-38.737,38.737,973,9.2,4.7,64,1949,6.68594,44.1627998,0.450883237,5.63
X59,Mediterranean_oceanic,Mid_latitude,Forest,Cluster2,-71.656,-38.737,38.737,973,9.2,4.7,64,1949,11.394356,44.1627998,0.332130778,5.93
X60,Mediterranean_oceanic,Mid_latitude,Forest,Cluster2,-71.656,-38.737,38.737,973,9.2,4.7,64,1949,6.874964,44.1627998,0.040299,6.02
X61,Mediterranean_oceanic,Mid_latitude,Forest,Cluster2,-71.645,-38.652,38.652,1170,8.4,4.2,66,1888,4.726964,49.6711006,0.037074105,5.37
X62,Mediterranean_oceanic,Mid_latitude,Forest,Cluster2,-71.645,-38.652,38.652,1170,8.4,4.2,66,1888,0.777993813,49.6711006,0.025442594,5.93
X63,Mediterranean_oceanic,Mid_latitude,Forest,Cluster2,-71.645,-38.652,38.652,1170,8.4,4.2,66,1888,4.331732,49.6711006,0.36973022,5.53
X64,Mediterranean_oceanic,Mid_latitude,Forest,Cluster2,-71.645,-38.652,38.652,1170,8.4,4.2,66,1888,9.916532,49.6711006,0.36208346,5.66
X65,Mediterranean_oceanic,Mid_latitude,Forest,Cluster2,-71.645,-38.652,38.652,1170,8.4,4.2,66,1888,6.85778,49.6711006,0.608858553,5.81
X66,Mediterranean_oceanic,Mid_latitude,Forest,Cluster2,-71.657,-38.65,38.65,1175,8,4,67,1833,8.198132,48.1660995,0.652500596,5.63
X67,Mediterranean_oceanic,Mid_latitude,Forest,Cluster2,-71.657,-38.65,38.65,1175,8,4,67,1833,8.541812,48.1660995,0.691714097,5.42
X68,Mediterranean_oceanic,Mid_latitude,Forest,Cluster2,-71.657,-38.65,38.65,1175,8,4,67,1833,0.602646798,48.1660995,0.421375693,5.94
X69,Mediterranean_oceanic,Mid_latitude,Forest,Cluster2,-71.657,-38.65,38.65,1175,8,4,67,1833,4.039604,48.1660995,0.352931605,5.11
X70,Mediterranean_oceanic,Mid_latitude,Forest,Cluster2,-71.657,-38.65,38.65,1175,8,4,67,1833,2.682068,48.1660995,0.189312989,5.58
X71,Mediterranean_oceanic,Mid_latitude,Shrubland,Cluster2,-71.643,-38.758,38.758,897,9.4,4.8,64,1943,1.881949407,45.3255997,0.072760183,5.97
X72,Mediterranean_oceanic,Mid_latitude,Shrubland,Cluster2,-71.643,-38.758,38.758,897,9.4,4.8,64,1943,0.482516,45.3255997,0.030807797,6.17
X73,Mediterranean_oceanic,Mid_latitude,Shrubland,Cluster2,-71.643,-38.758,38.758,897,9.4,4.8,64,1943,0.688724,45.3255997,0.316543516,6.3
X74,Mediterranean_oceanic,Mid_latitude,Shrubland,Cluster2,-71.643,-38.758,38.758,897,9.4,4.8,64,1943,0.998036,45.3255997,0.041630874,6.01
X75,Mediterranean_oceanic,Mid_latitude,Shrubland,Cluster2,-71.643,-38.758,38.758,897,9.4,4.8,64,1943,0.946484,45.3255997,0.063336595,6.01
X76,Mediterranean_oceanic,Mid_latitude,Forest,Cluster2,-71.614,-38.686,38.686,997,9.1,4.6,65,1943,3.5069,48.6577988,0.352011488,5.68
X77,Mediterranean_oceanic,Mid_latitude,Forest,Cluster2,-71.614,-38.686,38.686,997,9.1,4.6,65,1943,2.166548,48.6577988,0.249428823,5.55
X78,Mediterranean_oceanic,Mid_latitude,Forest,Cluster2,-71.614,-38.686,38.686,997,9.1,4.6,65,1943,4.555124,48.6577988,0.174915057,5.79
X79,Mediterranean_oceanic,Mid_latitude,Forest,Cluster2,-71.614,-38.686,38.686,997,9.1,4.6,65,1943,4.125524,48.6577988,0.335635742,5.24
X80,Mediterranean_oceanic,Mid_latitude,Forest,Cluster2,-71.614,-38.686,38.686,997,9.1,4.6,65,1943,5.087828,48.6577988,0.277341444,5.71
X81,Polar_subarctic,Boreal,Others,Cluster3,-19.878,63.996,63.996,193,3.9,8.4,16,1309,4.245812,40.0133018,0.046268711,6
X82,Polar_subarctic,Boreal,Others,Cluster3,-19.878,63.996,63.996,193,3.9,8.4,16,1309,3.472532,40.0133018,0.036474938,6.11
X83,Polar_subarctic,Boreal,Others,Cluster3,-19.878,63.996,63.996,193,3.9,8.4,16,1309,3.214772,40.0133018,0.060364995,6.08
X84,Polar_subarctic,Boreal,Others,Cluster3,-19.878,63.996,63.996,193,3.9,8.4,16,1309,9.830612,40.0133018,0.060130014,5.79
X85,Polar_subarctic,Boreal,Others,Cluster3,-19.878,63.996,63.996,193,3.9,8.4,16,1309,1.51877813,40.0133018,0.047121442,5.64
X86,Polar_subarctic,Boreal,Others,Cluster3,-19.956,63.897,63.897,274,3.7,8.7,16,1360,2.99138,44.6711006,0.164248042,6.16
X87,Polar_subarctic,Boreal,Others,Cluster3,-19.956,63.897,63.897,274,3.7,8.7,16,1360,3.575636,44.6711006,0.102007239,6.07
X88,Polar_subarctic,Boreal,Others,Cluster3,-19.956,63.897,63.897,274,3.7,8.7,16,1360,2.767988,44.6711006,0.121269431,6.3
X89,Polar_subarctic,Boreal,Others,Cluster3,-19.956,63.897,63.897,274,3.7,8.7,16,1360,2.974196,44.6711006,0.119594141,6.13
X90,Polar_subarctic,Boreal,Others,Cluster3,-19.956,63.897,63.897,274,3.7,8.7,16,1360,2.888276,44.6711006,0.104503456,6.43
X91,Polar_subarctic,Boreal,Others,Cluster3,-19.856,63.974,63.974,275,3.6,8.6,16,1339,2.780955414,39.0099983,0.13859471,6.07
X92,Polar_subarctic,Boreal,Others,Cluster3,-19.856,63.974,63.974,275,3.6,8.6,16,1339,1.238612,39.0099983,0.062111678,6.19
X93,Polar_subarctic,Boreal,Others,Cluster3,-19.856,63.974,63.974,275,3.6,8.6,16,1339,2.04626,39.0099983,0.104885011,5.92
X94,Polar_subarctic,Boreal,Others,Cluster3,-19.856,63.974,63.974,275,3.6,8.6,16,1339,2.871092,39.0099983,0.120551292,5.98
X95,Polar_subarctic,Boreal,Others,Cluster3,-19.856,63.974,63.974,275,3.6,8.6,16,1339,1.719764,39.0099983,0.089997384,6.15
X96,Polar_subarctic,Boreal,Others,Cluster3,-19.968,63.906,63.906,212,3.7,8.7,17,1352,2.802356,44.0032997,0.146797889,6.23
X97,Polar_subarctic,Boreal,Others,Cluster3,-19.968,63.906,63.906,212,3.7,8.7,17,1352,3.128852,44.0032997,0.239710067,6.39
X98,Polar_subarctic,Boreal,Others,Cluster3,-19.968,63.906,63.906,212,3.7,8.7,17,1352,3.524084,44.0032997,0.137798754,6.48
X99,Polar_subarctic,Boreal,Others,Cluster3,-19.968,63.906,63.906,212,3.7,8.7,17,1352,3.438164,44.0032997,0.154543066,6.11
X100,Polar_subarctic,Boreal,Others,Cluster3,-19.968,63.906,63.906,212,3.7,8.7,17,1352,1.513556,44.0032997,0.093862303,6.14
X101,Polar_subarctic,Boreal,Shrubland,Cluster3,-19.864,63.981,63.981,247,3.6,8.6,16,1336,4.314548,40.3422012,0.150639193,6.05
X102,Polar_subarctic,Boreal,Shrubland,Cluster3,-19.864,63.981,63.981,247,3.6,8.6,16,1336,2.235284,40.3422012,0.109597543,6.49
X103,Polar_subarctic,Boreal,Shrubland,Cluster3,-19.864,63.981,63.981,247,3.6,8.6,16,1336,2.321204,40.3422012,0.116216546,6.47
X104,Polar_subarctic,Boreal,Shrubland,Cluster3,-19.864,63.981,63.981,247,3.6,8.6,16,1336,2.716436,40.3422012,0.111578933,6
X105,Polar_subarctic,Boreal,Shrubland,Cluster3,-19.864,63.981,63.981,247,3.6,8.6,16,1336,2.269652,40.3422012,0.087562994,6.29
X106,Mediterranean_oceanic,Mid_latitude,Forest,Cluster4,-17.847046,28.62252,28.62252,1284,13.9,1,83,494,0.293492,61.6610985,0.009061318,7.01
X107,Mediterranean_oceanic,Mid_latitude,Forest,Cluster4,-17.847046,28.62252,28.62252,1284,13.9,1,83,494,0.465332,61.6610985,0.013865635,7.21
X108,Mediterranean_oceanic,Mid_latitude,Forest,Cluster4,-17.847046,28.62252,28.62252,1284,13.9,1,83,494,0.276308,61.6610985,0.008256167,7.08
X109,Mediterranean_oceanic,Mid_latitude,Forest,Cluster4,-17.847046,28.62252,28.62252,1284,13.9,1,83,494,0.235567273,61.6610985,0.008615484,7.12
X110,Mediterranean_oceanic,Mid_latitude,Forest,Cluster4,-17.847046,28.62252,28.62252,1284,13.9,1,83,494,0.24194,61.6610985,0.001553049,7.2
X111,Mediterranean_oceanic,Mid_latitude,Forest,Cluster4,-17.837685,28.608193,28.608193,1677,12,1,83,529,0.963668,63.6610985,0.048266209,6.97
X112,Mediterranean_oceanic,Mid_latitude,Forest,Cluster4,-17.837685,28.608193,28.608193,1677,12,1,83,529,1.238612,63.6610985,0.104960511,6.84
X113,Mediterranean_oceanic,Mid_latitude,Forest,Cluster4,-17.837685,28.608193,28.608193,1677,12,1,83,529,1.204244,63.6610985,0.090330745,6.71
X114,Mediterranean_oceanic,Mid_latitude,Forest,Cluster4,-17.837685,28.608193,28.608193,1677,12,1,83,529,1.908788,63.6610985,0.109535031,6.55
X115,Mediterranean_oceanic,Mid_latitude,Forest,Cluster4,-17.837685,28.608193,28.608193,1677,12,1,83,529,1.238612,63.6610985,0.096243831,6.72
X116,Mediterranean_oceanic,Mid_latitude,Forest,Cluster4,-17.80905,28.557715,28.557715,916,15.6,1,84,451,4.641044,65.6610985,0.22600691,6.76
X117,Mediterranean_oceanic,Mid_latitude,Forest,Cluster4,-17.80905,28.557715,28.557715,916,15.6,1,84,451,5.672084,65.6610985,0.549602687,7.13
X118,Mediterranean_oceanic,Mid_latitude,Forest,Cluster4,-17.80905,28.557715,28.557715,916,15.6,1,84,451,5.843924,65.6610985,0.376085355,6.63
X119,Mediterranean_oceanic,Mid_latitude,Forest,Cluster4,-17.80905,28.557715,28.557715,916,15.6,1,84,451,3.902132,65.6610985,0.320039906,6.81
X120,Mediterranean_oceanic,Mid_latitude,Forest,Cluster4,-17.80905,28.557715,28.557715,916,15.6,1,84,451,7.28738,65.6610985,0.404155498,6.73
X121,Mediterranean_oceanic,Mid_latitude,Forest,Cluster4,-17.905426,28.767865,28.767865,1901,10.4,1,83,568,9.074516,64.6645012,0.403467863,6.18
X122,Mediterranean_oceanic,Mid_latitude,Forest,Cluster4,-17.905426,28.767865,28.767865,1901,10.4,1,83,568,5.56898,64.6645012,0.314979243,6.04
X123,Mediterranean_oceanic,Mid_latitude,Forest,Cluster4,-17.905426,28.767865,28.767865,1901,10.4,1,83,568,6.42818,64.6645012,0.338994454,5.97
X124,Mediterranean_oceanic,Mid_latitude,Forest,Cluster4,-17.905426,28.767865,28.767865,1901,10.4,1,83,568,9.813428,64.6645012,0.28182419,6.16
X125,Mediterranean_oceanic,Mid_latitude,Forest,Cluster4,-17.905426,28.767865,28.767865,1901,10.4,1,83,568,9.469748,64.6645012,0.448670795,6.01
X126,Mediterranean_oceanic,Mid_latitude,Forest,Cluster4,-17.852096,28.697643,28.697643,1301,14,1,84,498,7.618636771,63.1595001,0.257200465,6.35
X127,Mediterranean_oceanic,Mid_latitude,Forest,Cluster4,-17.852096,28.697643,28.697643,1301,14,1,84,498,22.30756,63.1595001,0.45343899,6.58
X128,Mediterranean_oceanic,Mid_latitude,Forest,Cluster4,-17.852096,28.697643,28.697643,1301,14,1,84,498,10.17981266,63.1595001,0.390599476,6.31
X129,Mediterranean_oceanic,Mid_latitude,Forest,Cluster4,-17.852096,28.697643,28.697643,1301,14,1,84,498,23.579176,63.1595001,0.575994872,5.95
X130,Mediterranean_oceanic,Mid_latitude,Forest,Cluster4,-17.852096,28.697643,28.697643,1301,14,1,84,498,4.994149215,63.1595001,0.240096984,6.84
X131,Mediterranean_oceanic,Mid_latitude,Forest,Cluster4,-17.862893,28.698164,28.698164,1312,13.7,1,84,502,8.713652,63.8238983,0.363075913,6.97
X132,Mediterranean_oceanic,Mid_latitude,Forest,Cluster4,-17.862893,28.698164,28.698164,1312,13.7,1,84,502,1.769486658,63.8238983,0.077595581,6.87
X133,Mediterranean_oceanic,Mid_latitude,Forest,Cluster4,-17.862893,28.698164,28.698164,1312,13.7,1,84,502,1.754132,63.8238983,0.060990527,7.12
X134,Mediterranean_oceanic,Mid_latitude,Forest,Cluster4,-17.862893,28.698164,28.698164,1312,13.7,1,84,502,2.011892,63.8238983,0.118305536,6.98
X135,Mediterranean_oceanic,Mid_latitude,Forest,Cluster4,-17.862893,28.698164,28.698164,1312,13.7,1,84,502,3.180404,63.8238983,0.146283685,6.93
X136,Arid,Tropical,Shrubland,Cluster2,-68.099,-20.452,20.452,3668,7.7,0,168,104,0.310676,49.8306007,0.01222114,7.65
X137,Arid,Tropical,Shrubland,Cluster2,-68.099,-20.452,20.452,3668,7.7,0,168,104,0.482516,49.8306007,0.02935622,8
X138,Arid,Tropical,Shrubland,Cluster2,-68.099,-20.452,20.452,3668,7.7,0,168,104,1.083956,49.8306007,0.058049906,8.1225
X139,Arid,Tropical,Shrubland,Cluster2,-68.099,-20.452,20.452,3668,7.7,0,168,104,0.688724,49.8306007,0.032858459,8.11
X140,Arid,Tropical,Shrubland,Cluster2,-68.099,-20.452,20.452,3668,7.7,0,168,104,0.551252,49.8306007,0.0324905,8.73
X141,Arid,Tropical,Shrubland,Cluster2,-68.096,-20.45,20.45,3710,7.5,0,170,106,1.249810335,51.8272018,0.107418625,8.11
X142,Arid,Tropical,Shrubland,Cluster2,-68.096,-20.45,20.45,3710,7.5,0,170,106,1.70258,51.8272018,0.10672042,8.65
X143,Arid,Tropical,Shrubland,Cluster2,-68.096,-20.45,20.45,3710,7.5,0,170,106,1.18706,51.8272018,0.087363316,8.25
X144,Arid,Tropical,Shrubland,Cluster2,-68.096,-20.45,20.45,3710,7.5,0,170,106,0.430964,51.8272018,0.021716732,7.94
X145,Arid,Tropical,Shrubland,Cluster2,-68.096,-20.45,20.45,3710,7.5,0,170,106,0.809012,51.8272018,0.064500916,7.94
X146,Arid,Tropical,Shrubland,Cluster2,-68.094,-20.448,20.448,3710,7.5,0,170,106,1.479188,51.8272018,0.138383273,7.84
X148,Arid,Tropical,Shrubland,Cluster2,-68.094,-20.448,20.448,3710,7.5,0,170,106,0.860564,51.8272018,0.071377984,8.1
X149,Arid,Tropical,Shrubland,Cluster2,-68.094,-20.448,20.448,3710,7.5,0,170,106,1.513556,51.8272018,0.072551173,7.66
X150,Arid,Tropical,Shrubland,Cluster2,-68.094,-20.448,20.448,3710,7.5,0,170,106,0.705908,51.8272018,0.069486205,8.39
X151,Arid,Tropical,Shrubland,Cluster2,-68.093,-20.446,20.446,3710,7.5,0,170,106,0.534068,51.8272018,0.054862627,7.84
X152,Arid,Tropical,Shrubland,Cluster2,-68.093,-20.446,20.446,3710,7.5,0,170,106,0.384089162,51.8272018,0.059613481,8.07
X153,Arid,Tropical,Shrubland,Cluster2,-68.093,-20.446,20.446,3710,7.5,0,170,106,0.293492,51.8272018,0.049393183,8.04
X154,Arid,Tropical,Shrubland,Cluster2,-68.093,-20.446,20.446,3710,7.5,0,170,106,0.318022827,51.8272018,0.029760871,8.03
X155,Arid,Tropical,Shrubland,Cluster2,-68.093,-20.446,20.446,3710,7.5,0,170,106,0.67154,51.8272018,0.074856781,8.22
X156,Arid,Tropical,Shrubland,Cluster2,-67.813,-20.152,20.152,3675,8.4,0,158,141,0.374968093,62.6678009,0.023685977,8.81
X157,Arid,Tropical,Shrubland,Cluster2,-67.813,-20.152,20.152,3675,8.4,0,158,141,0.259124,62.6678009,0.021061337,8.86
X158,Arid,Tropical,Shrubland,Cluster2,-67.813,-20.152,20.152,3675,8.4,0,158,141,0.276308,62.6678009,0.022124443,9.02
X159,Arid,Tropical,Shrubland,Cluster2,-67.813,-20.152,20.152,3675,8.4,0,158,141,0.345044,62.6678009,0.027260584,9.45
X160,Arid,Tropical,Shrubland,Cluster2,-67.813,-20.152,20.152,3675,8.4,0,158,141,0.345044,62.6678009,0.022159099,9.39
X161,Arid,Tropical,Shrubland,Cluster2,-67.812,-20.151,20.151,3675,8.4,0,158,141,0.619988,62.6678009,0.070502421,8.43
X162,Arid,Tropical,Shrubland,Cluster2,-67.812,-20.151,20.151,3675,8.4,0,158,141,0.534068,62.6678009,0.07002438,8.62
X163,Arid,Tropical,Shrubland,Cluster2,-67.812,-20.151,20.151,3675,8.4,0,158,141,0.551252,62.6678009,0.061565394,9.11
X165,Arid,Tropical,Shrubland,Cluster2,-67.812,-20.151,20.151,3675,8.4,0,158,141,0.705908,62.6678009,0.072828414,8.71
X166,Arid,Tropical,Shrubland,Cluster2,-67.811,-20.151,20.151,3675,8.4,0,158,141,1.786057813,62.6678009,0.130308546,6.07
X167,Arid,Tropical,Shrubland,Cluster2,-67.811,-20.151,20.151,3675,8.4,0,158,141,0.597592652,62.6678009,0.056240691,8.78
X168,Arid,Tropical,Shrubland,Cluster2,-67.811,-20.151,20.151,3675,8.4,0,158,141,2.3109996,62.6678009,0.22110581,8.31
X170,Arid,Tropical,Shrubland,Cluster2,-67.811,-20.151,20.151,3675,8.4,0,158,141,0.471804452,62.6678009,0.056953164,8.65
X171,Arid,Tropical,Shrubland,Cluster2,-67.809,-20.15,20.15,3692,8.4,0,158,141,0.688724,58.8339005,0.12257937,8.43
X172,Arid,Tropical,Shrubland,Cluster2,-67.809,-20.15,20.15,3692,8.4,0,158,141,1.032404,58.8339005,0.07735299,6.62
X173,Arid,Tropical,Shrubland,Cluster2,-67.809,-20.15,20.15,3692,8.4,0,158,141,0.465332,58.8339005,0.051721212,7.38
X174,Arid,Tropical,Shrubland,Cluster2,-67.809,-20.15,20.15,3692,8.4,0,158,141,1.822868,58.8339005,0.063347442,6.72
X175,Arid,Tropical,Shrubland,Cluster2,-67.809,-20.15,20.15,3692,8.4,0,158,141,0.379412,58.8339005,0.033304763,7.75
X176,Polar_subarctic,Mid_latitude,Others,Cluster5,11.045,46.823,46.823,2613,-1.8,7.8,21,1306,1.307348,40.3389015,0.048757632,7.76
X177,Polar_subarctic,Mid_latitude,Others,Cluster5,11.045,46.823,46.823,2613,-1.8,7.8,21,1306,0.76248449,40.3389015,0.033521387,8.03
X178,Polar_subarctic,Mid_latitude,Others,Cluster5,11.045,46.823,46.823,2613,-1.8,7.8,21,1306,0.826196,40.3389015,0.025944713,8.24
X179,Polar_subarctic,Mid_latitude,Others,Cluster5,11.045,46.823,46.823,2613,-1.8,7.8,21,1306,0.67154,40.3389015,0.013465555,8.25
X180,Polar_subarctic,Mid_latitude,Others,Cluster5,11.045,46.823,46.823,2613,-1.8,7.8,21,1306,1.204244,40.3389015,0.053561474,8.01
X181,Polar_subarctic,Mid_latitude,Others,Cluster5,11.04,46.831,46.831,2518,-1.1,7.1,24,1231,1.44482,42.1727982,0.057331551,7.71
X182,Polar_subarctic,Mid_latitude,Others,Cluster5,11.04,46.831,46.831,2518,-1.1,7.1,24,1231,1.479188,42.1727982,0.076498584,7.166666667
X183,Polar_subarctic,Mid_latitude,Others,Cluster5,11.04,46.831,46.831,2518,-1.1,7.1,24,1231,5.043178785,42.1727982,0.355089297,6.76
X184,Polar_subarctic,Mid_latitude,Others,Cluster5,11.04,46.831,46.831,2518,-1.1,7.1,24,1231,1.10114,42.1727982,0.047889824,7.03
X185,Polar_subarctic,Mid_latitude,Others,Cluster5,11.04,46.831,46.831,2518,-1.1,7.1,24,1231,1.307348,42.1727982,0.073472821,7.166666667
X186,Polar_subarctic,Mid_latitude,Grassland,Cluster5,11.039,46.834,46.834,2396,-0.7,6.7,25,1191,2.888276,41.1693993,0.194521223,7.25
X187,Polar_subarctic,Mid_latitude,Grassland,Cluster5,11.039,46.834,46.834,2396,-0.7,6.7,25,1191,2.99138,41.1693993,0.195363366,7.47
X188,Polar_subarctic,Mid_latitude,Grassland,Cluster5,11.039,46.834,46.834,2396,-0.7,6.7,25,1191,2.269652,41.1693993,0.156798035,7.19
X189,Polar_subarctic,Mid_latitude,Grassland,Cluster5,11.039,46.834,46.834,2396,-0.7,6.7,25,1191,4.572308,41.1693993,0.200236829,7.31
X190,Polar_subarctic,Mid_latitude,Grassland,Cluster5,11.039,46.834,46.834,2396,-0.7,6.7,25,1191,2.939828,41.1693993,0.202660572,6.12
X191,Polar_subarctic,Mid_latitude,Grassland,Cluster5,11.032,46.841,46.841,2436,-0.7,6.7,25,1185,1.037097059,40.1693993,0.097229335,7.64
X192,Polar_subarctic,Mid_latitude,Grassland,Cluster5,11.032,46.841,46.841,2436,-0.7,6.7,25,1185,8.644916,40.1693993,0.625983656,4.88
X193,Polar_subarctic,Mid_latitude,Grassland,Cluster5,11.032,46.841,46.841,2436,-0.7,6.7,25,1185,6.582836,40.1693993,0.651010326,6.48
X194,Polar_subarctic,Mid_latitude,Grassland,Cluster5,11.032,46.841,46.841,2436,-0.7,6.7,25,1185,6.221972,40.1693993,0.344482259,5.23
X195,Polar_subarctic,Mid_latitude,Grassland,Cluster5,11.032,46.841,46.841,2436,-0.7,6.7,25,1185,5.809556,40.1693993,0.435151349,5.87
X196,Continental,Mid_latitude,Forest,Cluster5,11.721,47.764,47.764,764,7.3,5.1,37,999,4.984724,65.8306007,0.422865301,5.19
X197,Continental,Mid_latitude,Forest,Cluster5,11.721,47.764,47.764,764,7.3,5.1,37,999,12.236372,65.8306007,0.66127687,5.29
X198,Continental,Mid_latitude,Forest,Cluster5,11.721,47.764,47.764,764,7.3,5.1,37,999,7.8029,65.8306007,0.53784087,4.2
X200,Continental,Mid_latitude,Forest,Cluster5,11.721,47.764,47.764,764,7.3,5.1,37,999,12.683156,65.8306007,0.628542417,5.64
X201,Arid,Mid_latitude,Others,Cluster1,-106.8,32.514,32.514,1371,14.1,0.6,72,288,0.740276,39.6577988,0.02937127,7.65
X202,Arid,Mid_latitude,Others,Cluster1,-106.8,32.514,32.514,1371,14.1,0.6,72,288,0.480410172,39.6577988,0.035558696,7.65
X203,Arid,Mid_latitude,Others,Cluster1,-106.8,32.514,32.514,1371,14.1,0.6,72,288,0.534068,39.6577988,0.027683508,6.88
X204,Arid,Mid_latitude,Others,Cluster1,-106.8,32.514,32.514,1371,14.1,0.6,72,288,0.379412,39.6577988,0.020873619,6.97
X205,Arid,Mid_latitude,Others,Cluster1,-106.8,32.514,32.514,1371,14.1,0.6,72,288,0.602804,39.6577988,0.036088362,7.35
X206,Arid,Mid_latitude,Grassland,Cluster1,-106.797,32.52,32.52,1341,14.8,0.5,73,258,0.774644,45.6577988,0.064822488,8.16
X207,Arid,Mid_latitude,Grassland,Cluster1,-106.797,32.52,32.52,1341,14.8,0.5,73,258,0.396596,45.6577988,0.034793078,8.31
X208,Arid,Mid_latitude,Grassland,Cluster1,-106.797,32.52,32.52,1341,14.8,0.5,73,258,0.396596,45.6577988,0.030711635,7.92
X209,Arid,Mid_latitude,Grassland,Cluster1,-106.797,32.52,32.52,1341,14.8,0.5,73,258,0.688724,45.6577988,0.040932777,8.13
X210,Arid,Mid_latitude,Grassland,Cluster1,-106.797,32.52,32.52,1341,14.8,0.5,73,258,0.568436,45.6577988,0.059591732,8.34
X211,Arid,Mid_latitude,Others,Cluster1,-106.795,32.524,32.524,1341,14.8,0.5,73,258,0.619356115,45.6577988,0.038609074,8.17
X212,Arid,Mid_latitude,Others,Cluster1,-106.795,32.524,32.524,1341,14.8,0.5,73,258,0.688724,45.6577988,0.175205634,8.18
X213,Arid,Mid_latitude,Others,Cluster1,-106.795,32.524,32.524,1341,14.8,0.5,73,258,0.396596,45.6577988,0.047256075,8.52
X214,Arid,Mid_latitude,Others,Cluster1,-106.795,32.524,32.524,1341,14.8,0.5,73,258,0.516884,45.6577988,0.050426791,8.45
X215,Arid,Mid_latitude,Others,Cluster1,-106.795,32.524,32.524,1341,14.8,0.5,73,258,0.482516,45.6577988,0.046454977,8.23
X216,Arid,Mid_latitude,Others,Cluster1,-106.794,32.527,32.527,1319,14.9,0.5,71,255,0.32786,55.8238983,0.035824888,8.4
X217,Arid,Mid_latitude,Others,Cluster1,-106.794,32.527,32.527,1319,14.9,0.5,71,255,0.293492,55.8238983,0.029547748,8.56
X218,Arid,Mid_latitude,Others,Cluster1,-106.794,32.527,32.527,1319,14.9,0.5,71,255,0.894932,55.8238983,0.093753347,8.17
X219,Arid,Mid_latitude,Others,Cluster1,-106.794,32.527,32.527,1319,14.9,0.5,71,255,0.84338,55.8238983,0.067759885,8.17
X220,Arid,Mid_latitude,Others,Cluster1,-106.794,32.527,32.527,1319,14.9,0.5,71,255,0.791828,55.8238983,0.065576453,8.39
X221,Mediterranean_oceanic,Mid_latitude,Shrubland,Cluster6,115.007,-30.114,30.114,5,19.3,0.4,86,548,0.263508058,36.3255997,0.015138346,8.85
X222,Mediterranean_oceanic,Mid_latitude,Shrubland,Cluster6,115.007,-30.114,30.114,5,19.3,0.4,86,548,0.228390921,36.3255997,0.019756415,8.81
X223,Mediterranean_oceanic,Mid_latitude,Shrubland,Cluster6,115.007,-30.114,30.114,5,19.3,0.4,86,548,0.289964961,36.3255997,0.023504007,8.69
X224,Mediterranean_oceanic,Mid_latitude,Shrubland,Cluster6,115.007,-30.114,30.114,5,19.3,0.4,86,548,0.236132986,36.3255997,0.016152022,8.9
X225,Mediterranean_oceanic,Mid_latitude,Shrubland,Cluster6,115.007,-30.114,30.114,5,19.3,0.4,86,548,0.310676,36.3255997,0.016384393,8.89
X226,Mediterranean_oceanic,Mid_latitude,Shrubland,Cluster6,115.01,-30.224,30.224,11,18.9,0.3,85,558,1.44482,32.1560974,0.076315226,8.29
X228,Mediterranean_oceanic,Mid_latitude,Shrubland,Cluster6,115.01,-30.224,30.224,11,18.9,0.3,85,558,1.76664726,32.1560974,0.120707036,8.17
X230,Mediterranean_oceanic,Mid_latitude,Shrubland,Cluster6,115.01,-30.224,30.224,11,18.9,0.3,85,558,1.75533514,32.1560974,0.143958109,8.16
X231,Mediterranean_oceanic,Mid_latitude,Shrubland,Cluster6,115.064,-30.241,30.241,14,18.9,0.3,85,557,1.565108,29.8172989,0.109970656,8.23
X232,Mediterranean_oceanic,Mid_latitude,Shrubland,Cluster6,115.064,-30.241,30.241,14,18.9,0.3,85,557,1.427636,29.8172989,0.12417859,8.26
X233,Mediterranean_oceanic,Mid_latitude,Shrubland,Cluster6,115.064,-30.241,30.241,14,18.9,0.3,85,557,1.189057878,29.8172989,0.115695998,8.14
X234,Mediterranean_oceanic,Mid_latitude,Shrubland,Cluster6,115.064,-30.241,30.241,14,18.9,0.3,85,557,1.083956,29.8172989,0.083158806,8.2
X235,Mediterranean_oceanic,Mid_latitude,Shrubland,Cluster6,115.064,-30.241,30.241,14,18.9,0.3,85,557,1.410452,29.8172989,0.094323853,8.16
X236,Mediterranean_oceanic,Mid_latitude,Shrubland,Cluster6,115.068,-30.229,30.229,24,18.9,0.4,84,557,1.083956,31.4884033,0.047070599,7.04
X237,Mediterranean_oceanic,Mid_latitude,Shrubland,Cluster6,115.068,-30.229,30.229,24,18.9,0.4,84,557,0.975709758,31.4884033,0.05611087,6.66
X238,Mediterranean_oceanic,Mid_latitude,Shrubland,Cluster6,115.068,-30.229,30.229,24,18.9,0.4,84,557,1.01522,31.4884033,0.05064493,6.56
X239,Mediterranean_oceanic,Mid_latitude,Shrubland,Cluster6,115.068,-30.229,30.229,24,18.9,0.4,84,557,0.75746,31.4884033,0.04457566,6.65
X240,Mediterranean_oceanic,Mid_latitude,Shrubland,Cluster6,115.068,-30.229,30.229,24,18.9,0.4,84,557,1.118324,31.4884033,0.049445067,6.67
X241,Mediterranean_oceanic,Mid_latitude,Shrubland,Cluster6,115.097,-30.179,30.179,59,18.9,0.4,84,558,1.01522,31.6545029,0.034168423,6.16
X242,Mediterranean_oceanic,Mid_latitude,Shrubland,Cluster6,115.097,-30.179,30.179,59,18.9,0.4,84,558,1.032404,31.6545029,0.031273206,5.99
X243,Mediterranean_oceanic,Mid_latitude,Shrubland,Cluster6,115.097,-30.179,30.179,59,18.9,0.4,84,558,1.032404,31.6545029,0.041913616,5.94
X244,Mediterranean_oceanic,Mid_latitude,Shrubland,Cluster6,115.097,-30.179,30.179,59,18.9,0.4,84,558,0.705908,31.6545029,0.029155228,6.1
X245,Mediterranean_oceanic,Mid_latitude,Shrubland,Cluster6,115.097,-30.179,30.179,59,18.9,0.4,84,558,0.877748,31.6545029,0.042917227,6.11
X246,Mediterranean_oceanic,Mid_latitude,Shrubland,Cluster6,115.129,-30.181,30.181,86,18.9,0.4,84,563,2.252468,31.6477966,0.061033707,6.31
X247,Mediterranean_oceanic,Mid_latitude,Shrubland,Cluster6,115.129,-30.181,30.181,86,18.9,0.4,84,563,1.599476,31.6477966,0.045730835,5.58
X248,Mediterranean_oceanic,Mid_latitude,Shrubland,Cluster6,115.129,-30.181,30.181,86,18.9,0.4,84,563,0.998036,31.6477966,0.037379396,5.66
X249,Mediterranean_oceanic,Mid_latitude,Shrubland,Cluster6,115.129,-30.181,30.181,86,18.9,0.4,84,563,1.977524,31.6477966,0.053817038,5.54
X250,Mediterranean_oceanic,Mid_latitude,Shrubland,Cluster6,115.129,-30.181,30.181,86,18.9,0.4,84,563,1.7885,31.6477966,0.042553865,5.18
X251,Subtropical_tropical,Mid_latitude,Forest,Cluster7,153.097,-25.912,25.912,79,21,4.3,36,1468,1.27298,35.3223038,0.067018453,6.3
X252,Subtropical_tropical,Mid_latitude,Forest,Cluster7,153.097,-25.912,25.912,79,21,4.3,36,1468,0.809012,35.3223038,0.050744999,6.21
X253,Subtropical_tropical,Mid_latitude,Forest,Cluster7,153.097,-25.912,25.912,79,21,4.3,36,1468,1.152692,35.3223038,0.049006897,6.47
X254,Subtropical_tropical,Mid_latitude,Forest,Cluster7,153.097,-25.912,25.912,79,21,4.3,36,1468,0.774644,35.3223038,0.039281687,6.25
X255,Subtropical_tropical,Mid_latitude,Forest,Cluster7,153.097,-25.912,25.912,79,21,4.3,36,1468,1.194112478,35.3223038,0.062765981,6.19
X256,Subtropical_tropical,Mid_latitude,Forest,Cluster7,153.099,-26.072,26.072,154,20.4,4.7,37,1584,1.741302954,22.6611023,0.087037231,4.76
X257,Subtropical_tropical,Mid_latitude,Forest,Cluster7,153.099,-26.072,26.072,154,20.4,4.7,37,1584,1.500190586,22.6611023,0.05700858,4.67
X258,Subtropical_tropical,Mid_latitude,Forest,Cluster7,153.099,-26.072,26.072,154,20.4,4.7,37,1584,2.853908,22.6611023,0.089044453,4.43
X259,Subtropical_tropical,Mid_latitude,Forest,Cluster7,153.099,-26.072,26.072,154,20.4,4.7,37,1584,2.939828,22.6611023,0.152086355,4.22
X260,Subtropical_tropical,Mid_latitude,Forest,Cluster7,153.099,-26.072,26.072,154,20.4,4.7,37,1584,1.719764,22.6611023,0.097609634,4.31
X261,Subtropical_tropical,Mid_latitude,Forest,Cluster7,153.081,-26.018,26.018,92,20.9,4.4,37,1509,1.61666,17.8272018,0.045598702,4.4
X262,Subtropical_tropical,Mid_latitude,Forest,Cluster7,153.081,-26.018,26.018,92,20.9,4.4,37,1509,2.149364,17.8272018,0.045684199,4.82
X263,Subtropical_tropical,Mid_latitude,Forest,Cluster7,153.081,-26.018,26.018,92,20.9,4.4,37,1509,0.846644444,17.8272018,0.027984511,4.79
X264,Subtropical_tropical,Mid_latitude,Forest,Cluster7,153.081,-26.018,26.018,92,20.9,4.4,37,1509,2.441492,17.8272018,0.043127082,4.28
X265,Subtropical_tropical,Mid_latitude,Forest,Cluster7,153.081,-26.018,26.018,92,20.9,4.4,37,1509,0.877748,17.8272018,0.032719844,3.65
X266,Subtropical_tropical,Mid_latitude,Forest,Cluster7,153.087,-26.034,26.034,156,20.2,4.7,37,1577,2.596148,19.8272018,0.160659311,3.81
X267,Subtropical_tropical,Mid_latitude,Forest,Cluster7,153.087,-26.034,26.034,156,20.2,4.7,37,1577,1.204244,19.8272018,0.061850781,4.36
X268,Subtropical_tropical,Mid_latitude,Forest,Cluster7,153.087,-26.034,26.034,156,20.2,4.7,37,1577,1.668212,19.8272018,0.124787763,4.08
X269,Subtropical_tropical,Mid_latitude,Forest,Cluster7,153.087,-26.034,26.034,156,20.2,4.7,37,1577,2.458676,19.8272018,0.090562012,3.78
X270,Subtropical_tropical,Mid_latitude,Forest,Cluster7,153.087,-26.034,26.034,156,20.2,4.7,37,1577,1.01522,19.8272018,0.044636869,4.32
X271,Subtropical_tropical,Mid_latitude,Forest,Cluster7,153.082,-25.913,25.913,23,21.3,4.2,37,1435,3.33506,26.6577988,0.094825172,4.26
X272,Subtropical_tropical,Mid_latitude,Forest,Cluster7,153.082,-25.913,25.913,23,21.3,4.2,37,1435,0.602804,26.6577988,0.032373973,4.59
X273,Subtropical_tropical,Mid_latitude,Forest,Cluster7,153.082,-25.913,25.913,23,21.3,4.2,37,1435,0.41378,26.6577988,0.021599488,4.8
X274,Subtropical_tropical,Mid_latitude,Forest,Cluster7,153.082,-25.913,25.913,23,21.3,4.2,37,1435,1.943156,26.6577988,0.091251814,4.38
X275,Subtropical_tropical,Mid_latitude,Forest,Cluster7,153.082,-25.913,25.913,23,21.3,4.2,37,1435,0.740276,26.6577988,0.020458888,4.75
X276,Subtropical_tropical,Mid_latitude,Forest,Cluster7,153.081,-26.033,26.033,87,20.8,4.5,38,1521,1.118324,18.3289032,0.043366082,4.22
X277,Subtropical_tropical,Mid_latitude,Forest,Cluster7,153.081,-26.033,26.033,87,20.8,4.5,38,1521,1.61666,18.3289032,0.050586638,4.25
X278,Subtropical_tropical,Mid_latitude,Forest,Cluster7,153.081,-26.033,26.033,87,20.8,4.5,38,1521,1.496372,18.3289032,0.059695883,4.31
X279,Subtropical_tropical,Mid_latitude,Forest,Cluster7,153.081,-26.033,26.033,87,20.8,4.5,38,1521,1.994708,18.3289032,0.044461991,4.6
X280,Subtropical_tropical,Mid_latitude,Forest,Cluster7,153.081,-26.033,26.033,87,20.8,4.5,38,1521,2.544596,18.3289032,0.105825053,4.32
X281,Subtropical_tropical,Tropical,Forest,Cluster8,-98.567,19.057,19.057,3141,11,1,90,1147,2.097812,61.6610985,0.138857735,5.57
X282,Subtropical_tropical,Tropical,Forest,Cluster8,-98.567,19.057,19.057,3141,11,1,90,1147,1.169876,61.6610985,0.066228584,5.25
X283,Subtropical_tropical,Tropical,Forest,Cluster8,-98.567,19.057,19.057,3141,11,1,90,1147,1.18706,61.6610985,0.083899741,5.78
X284,Subtropical_tropical,Tropical,Forest,Cluster8,-98.567,19.057,19.057,3141,11,1,90,1147,1.977524,61.6610985,0.14930669,5.59
X285,Subtropical_tropical,Tropical,Forest,Cluster8,-98.567,19.057,19.057,3141,11,1,90,1147,0.894932,61.6610985,0.056136583,5.57
X286,Subtropical_tropical,Tropical,Forest,Cluster8,-99.147,19.082,19.082,3231,10.7,1,95,1287,11.617748,60.8272018,0.962522799,5.07
X287,Subtropical_tropical,Tropical,Forest,Cluster8,-99.147,19.082,19.082,3231,10.7,1,95,1287,13.714196,60.8272018,1.156329134,4.77
X288,Subtropical_tropical,Tropical,Forest,Cluster8,-99.147,19.082,19.082,3231,10.7,1,95,1287,9.246356,60.8272018,1.032885497,5.06
X289,Subtropical_tropical,Tropical,Forest,Cluster8,-99.147,19.082,19.082,3231,10.7,1,95,1287,9.469748,60.8272018,1.048723583,4.92
X290,Subtropical_tropical,Tropical,Forest,Cluster8,-99.147,19.082,19.082,3231,10.7,1,95,1287,7.682612,60.8272018,0.809059593,4.67
X291,Subtropical_tropical,Tropical,Forest,Cluster8,-99.179,19.086,19.086,3156,11.1,0.9,97,1318,4.520756,59.3255997,0.49390207,5.74
X292,Subtropical_tropical,Tropical,Forest,Cluster8,-99.179,19.086,19.086,3156,11.1,0.9,97,1318,3.884948,59.3255997,0.521764635,5.87
X293,Subtropical_tropical,Tropical,Forest,Cluster8,-99.179,19.086,19.086,3156,11.1,0.9,97,1318,6.995252,59.3255997,0.527371587,5.82
X294,Subtropical_tropical,Tropical,Forest,Cluster8,-99.179,19.086,19.086,3156,11.1,0.9,97,1318,6.9437,59.3255997,0.504891314,5.76
X295,Subtropical_tropical,Tropical,Forest,Cluster8,-99.179,19.086,19.086,3156,11.1,0.9,97,1318,7.132724,59.3255997,0.45317028,5.7
X296,Subtropical_tropical,Tropical,Forest,Cluster8,-99.064,19.095,19.095,3138,11.1,0.9,95,1261,4.933172,63.3255997,0.783678703,6.24
X297,Subtropical_tropical,Tropical,Forest,Cluster8,-99.064,19.095,19.095,3138,11.1,0.9,95,1261,6.565652,63.3255997,0.48498176,5.92
X298,Subtropical_tropical,Tropical,Forest,Cluster8,-99.064,19.095,19.095,3138,11.1,0.9,95,1261,9.040148,63.3255997,0.784862671,5.94
X299,Subtropical_tropical,Tropical,Forest,Cluster8,-99.064,19.095,19.095,3138,11.1,0.9,95,1261,8.902676,63.3255997,0.716612814,5.85
X300,Subtropical_tropical,Tropical,Forest,Cluster8,-99.064,19.095,19.095,3138,11.1,0.9,95,1261,11.2397,63.3255997,0.856811832,5.75
X301,Subtropical_tropical,Tropical,Forest,Cluster8,-99.092,19.135,19.135,3166,11,0.9,96,1247,8.026292,66.6544991,0.669173154,5.93
X302,Subtropical_tropical,Tropical,Forest,Cluster8,-99.092,19.135,19.135,3166,11,0.9,96,1247,7.768532,66.6544991,0.5250804,5.95
X303,Subtropical_tropical,Tropical,Forest,Cluster8,-99.092,19.135,19.135,3166,11,0.9,96,1247,8.163764,66.6544991,0.594046663,5.91
X304,Subtropical_tropical,Tropical,Forest,Cluster8,-99.092,19.135,19.135,3166,11,0.9,96,1247,9.26354,66.6544991,0.595721453,5.78
X305,Subtropical_tropical,Tropical,Forest,Cluster8,-99.092,19.135,19.135,3166,11,0.9,96,1247,12.01298,66.6544991,0.913931295,5.9
X306,Subtropical_tropical,Tropical,Forest,Cluster8,-99.229,19.126,19.126,3188,11.1,1,96,1313,10.088372,57.3288994,0.576052494,5.64
X307,Subtropical_tropical,Tropical,Forest,Cluster8,-99.229,19.126,19.126,3188,11.1,1,96,1313,5.929844,57.3288994,0.367847136,5.75
X308,Subtropical_tropical,Tropical,Forest,Cluster8,-99.229,19.126,19.126,3188,11.1,1,96,1313,10.483604,57.3288994,0.97103462,5.53
X309,Subtropical_tropical,Tropical,Forest,Cluster8,-99.229,19.126,19.126,3188,11.1,1,96,1313,9.86498,57.3288994,0.762120745,5.63
X310,Subtropical_tropical,Tropical,Forest,Cluster8,-99.229,19.126,19.126,3188,11.1,1,96,1313,10.225844,57.3288994,0.743409044,5.53
X311,Subtropical_tropical,Tropical,Forest,Cluster8,-99.266,19.151,19.151,3182,10.8,1,95,1291,7.510772,59.3255997,0.536283136,5.59
X312,Subtropical_tropical,Tropical,Forest,Cluster8,-99.266,19.151,19.151,3182,10.8,1,95,1291,6.582836,59.3255997,0.49381569,5.5
X313,Subtropical_tropical,Tropical,Forest,Cluster8,-99.266,19.151,19.151,3182,10.8,1,95,1291,8.14658,59.3255997,0.455763902,5.45
X314,Subtropical_tropical,Tropical,Forest,Cluster8,-99.266,19.151,19.151,3182,10.8,1,95,1291,8.2325,59.3255997,0.483393146,5.63
X315,Subtropical_tropical,Tropical,Forest,Cluster8,-99.266,19.151,19.151,3182,10.8,1,95,1291,6.77186,59.3255997,0.462351525,5.91
X316,Subtropical_tropical,Tropical,Forest,Cluster8,-99.476,19.608,19.608,3104,11.7,1.3,88,1023,13.267412,64.9934006,0.792137446,5.23
X317,Subtropical_tropical,Tropical,Forest,Cluster8,-99.476,19.608,19.608,3104,11.7,1.3,88,1023,9.727508,64.9934006,0.772897111,5.51
X318,Subtropical_tropical,Tropical,Forest,Cluster8,-99.476,19.608,19.608,3104,11.7,1.3,88,1023,12.030164,64.9934006,0.884357462,5.24
X319,Subtropical_tropical,Tropical,Forest,Cluster8,-99.476,19.608,19.608,3104,11.7,1.3,88,1023,10.913204,64.9934006,0.909565949,5.27
X320,Subtropical_tropical,Tropical,Forest,Cluster8,-99.476,19.608,19.608,3104,11.7,1.3,88,1023,8.57618,64.9934006,0.773448953,5.37
X321,Continental,Mid_latitude,Grassland,Cluster9,-84.941,45.727,45.727,182,6.1,3.3,25,772,0.032635009,43.3354988,0.016104474,6.7
X322,Continental,Mid_latitude,Grassland,Cluster9,-84.941,45.727,45.727,182,6.1,3.3,25,772,0.090656595,43.3354988,0.00940377,6.7
X323,Continental,Mid_latitude,Grassland,Cluster9,-84.941,45.727,45.727,182,6.1,3.3,25,772,0.121652,43.3354988,0.007234746,6.7
X324,Continental,Mid_latitude,Grassland,Cluster9,-84.941,45.727,45.727,182,6.1,3.3,25,772,0.087284,43.3354988,0.009542246,6.7
X325,Continental,Mid_latitude,Grassland,Cluster9,-84.941,45.727,45.727,182,6.1,3.3,25,772,0.121652,43.3354988,0.011289071,6.7
X326,Continental,Mid_latitude,Grassland,Cluster9,-84.944,45.728,45.728,175,6.2,3.3,25,770,0.173204,45.3354988,0.012374106,7.09
X327,Continental,Mid_latitude,Grassland,Cluster9,-84.944,45.728,45.728,175,6.2,3.3,25,770,0.104468,45.3354988,0.014525378,6.81
X328,Continental,Mid_latitude,Grassland,Cluster9,-84.944,45.728,45.728,175,6.2,3.3,25,770,0.087284,45.3354988,0.014186593,7.09
X329,Continental,Mid_latitude,Grassland,Cluster9,-84.944,45.728,45.728,175,6.2,3.3,25,770,0.155788796,45.3354988,0.015371233,7.09
X330,Continental,Mid_latitude,Grassland,Cluster9,-84.944,45.728,45.728,175,6.2,3.3,25,770,0.177793814,45.3354988,0.025945296,7.37
X331,Continental,Mid_latitude,Shrubland,Cluster9,-84.94,45.728,45.728,182,6.1,3.3,25,772,0.465332,43.3354988,0.013934729,7.44
X332,Continental,Mid_latitude,Shrubland,Cluster9,-84.94,45.728,45.728,182,6.1,3.3,25,772,0.345044,43.3354988,0.026726368,7.88
X333,Continental,Mid_latitude,Shrubland,Cluster9,-84.94,45.728,45.728,182,6.1,3.3,25,772,0.41378,43.3354988,0.047675517,7.525
X334,Continental,Mid_latitude,Shrubland,Cluster9,-84.94,45.728,45.728,182,6.1,3.3,25,772,0.345044,43.3354988,0.020666809,7.33
X335,Continental,Mid_latitude,Shrubland,Cluster9,-84.94,45.728,45.728,182,6.1,3.3,25,772,0.236160684,43.3354988,0.014961158,7.45
X336,Continental,Mid_latitude,Shrubland,Cluster9,-84.938,45.728,45.728,182,6.1,3.3,25,772,0.602804,43.3354988,0.033052581,7.37
X337,Continental,Mid_latitude,Shrubland,Cluster9,-84.938,45.728,45.728,182,6.1,3.3,25,772,0.430964,43.3354988,0.028178268,7.37
X338,Continental,Mid_latitude,Shrubland,Cluster9,-84.938,45.728,45.728,182,6.1,3.3,25,772,0.740276,43.3354988,0.053959574,7.35
X339,Continental,Mid_latitude,Shrubland,Cluster9,-84.938,45.728,45.728,182,6.1,3.3,25,772,0.289848739,43.3354988,0.024976438,7.37
X340,Continental,Mid_latitude,Shrubland,Cluster9,-84.938,45.728,45.728,182,6.1,3.3,25,772,0.345044,43.3354988,0.024986241,7.37
X341,Continental,Mid_latitude,Forest,Cluster9,-84.938,45.728,45.728,182,6.1,3.3,25,772,0.379412,43.3354988,0.025151921,4.64
X342,Continental,Mid_latitude,Forest,Cluster9,-84.938,45.728,45.728,182,6.1,3.3,25,772,0.416170692,43.3354988,0.026772444,4.64
X343,Continental,Mid_latitude,Forest,Cluster9,-84.938,45.728,45.728,182,6.1,3.3,25,772,0.406878672,43.3354988,0.022833387,4.64
X344,Continental,Mid_latitude,Forest,Cluster9,-84.938,45.728,45.728,182,6.1,3.3,25,772,0.399128502,43.3354988,0.022375563,4.64
X345,Continental,Mid_latitude,Forest,Cluster9,-84.938,45.728,45.728,182,6.1,3.3,25,772,0.259124,43.3354988,0.020618772,4.64
X346,Continental,Mid_latitude,Forest,Cluster9,-84.936,45.728,45.728,182,6.1,3.3,25,772,0.32786,43.3354988,0.014965079,4.92
X347,Continental,Mid_latitude,Forest,Cluster9,-84.936,45.728,45.728,182,6.1,3.3,25,772,1.10114,43.3354988,0.019131577,4.92
X348,Continental,Mid_latitude,Forest,Cluster9,-84.936,45.728,45.728,182,6.1,3.3,25,772,0.310676,43.3354988,0.01171129,5.17
X349,Continental,Mid_latitude,Forest,Cluster9,-84.936,45.728,45.728,182,6.1,3.3,25,772,0.688724,43.3354988,0.017696341,4.67
X350,Continental,Mid_latitude,Forest,Cluster9,-84.936,45.728,45.728,182,6.1,3.3,25,772,0.310676,43.3354988,0.017862021,4.92
X351,Continental,Mid_latitude,Forest,Cluster9,-84.929,45.723,45.723,184,6.1,3.3,25,772,0.310676,40.5050011,0.005349783,4.345
X352,Continental,Mid_latitude,Forest,Cluster9,-84.929,45.723,45.723,184,6.1,3.3,25,772,0.791828,40.5050011,0.005463504,4.48
X353,Continental,Mid_latitude,Forest,Cluster9,-84.929,45.723,45.723,184,6.1,3.3,25,772,0.654356,40.5050011,0.005213514,4.34
X354,Continental,Mid_latitude,Forest,Cluster9,-84.929,45.723,45.723,184,6.1,3.3,25,772,0.58562,40.5050011,0.011198566,4.29
X355,Continental,Mid_latitude,Forest,Cluster9,-84.929,45.723,45.723,184,6.1,3.3,25,772,2.114996,40.5050011,0.01546898,4.27
X356,Continental,Mid_latitude,Forest,Cluster9,-84.915,45.724,45.724,189,6.1,3.4,24,778,0.24543222,39.1693993,0.004099834,4.25
X357,Continental,Mid_latitude,Forest,Cluster9,-84.915,45.724,45.724,189,6.1,3.4,24,778,0.516884,39.1693993,0.014449413,4.25
X358,Continental,Mid_latitude,Forest,Cluster9,-84.915,45.724,45.724,189,6.1,3.4,24,778,1.032404,39.1693993,0.023863738,4.25
X359,Continental,Mid_latitude,Forest,Cluster9,-84.915,45.724,45.724,189,6.1,3.4,24,778,1.238612,39.1693993,0.018573757,4.25
X360,Continental,Mid_latitude,Forest,Cluster9,-84.915,45.724,45.724,189,6.1,3.4,24,778,1.152692,39.1693993,0.016245419,4.25
X361,Continental,Mid_latitude,Forest,Cluster9,-84.907,45.726,45.726,185,6.1,3.4,24,777,0.58562,39.6711006,0.015164091,4.67
X362,Continental,Mid_latitude,Forest,Cluster9,-84.907,45.726,45.726,185,6.1,3.4,24,777,0.362228,39.6711006,0.005405663,4.67
X363,Continental,Mid_latitude,Forest,Cluster9,-84.907,45.726,45.726,185,6.1,3.4,24,777,0.688724,39.6711006,0.04027974,4.67
X364,Continental,Mid_latitude,Forest,Cluster9,-84.907,45.726,45.726,185,6.1,3.4,24,777,0.568436,39.6711006,0.013946493,4.67
X365,Continental,Mid_latitude,Forest,Cluster9,-84.907,45.726,45.726,185,6.1,3.4,24,777,0.482516,39.6711006,0.017489486,4.67
X366,Continental,Mid_latitude,Forest,Cluster9,-84.875,45.723,45.723,193,6,3.4,24,781,0.740276,37.3389015,0.015472902,4.13
X367,Continental,Mid_latitude,Forest,Cluster9,-84.875,45.723,45.723,193,6,3.4,24,781,0.293492,37.3389015,0.010650548,4.48
X368,Continental,Mid_latitude,Forest,Cluster9,-84.875,45.723,45.723,193,6,3.4,24,781,0.341402906,37.3389015,0.012115195,4.5275
X369,Continental,Mid_latitude,Forest,Cluster9,-84.875,45.723,45.723,193,6,3.4,24,781,0.42267387,37.3389015,0.014878808,4.34
X370,Continental,Mid_latitude,Forest,Cluster9,-84.875,45.723,45.723,193,6,3.4,24,781,0.4997,37.3389015,0.030476215,5.16
X371,Mediterranean_oceanic,Tropical,Forest,Cluster10,-155.234,19.414,19.414,1195,16,11.9,34,2833,11.514644,47.8339005,0.520196572,4.86
X372,Mediterranean_oceanic,Tropical,Forest,Cluster10,-155.234,19.414,19.414,1195,16,11.9,34,2833,8.284052,47.8339005,0.434318672,5.04
X373,Mediterranean_oceanic,Tropical,Forest,Cluster10,-155.234,19.414,19.414,1195,16,11.9,34,2833,10.157108,47.8339005,0.512993902,5.09
X374,Mediterranean_oceanic,Tropical,Forest,Cluster10,-155.234,19.414,19.414,1195,16,11.9,34,2833,11.050676,47.8339005,0.611101676,4.85
X375,Mediterranean_oceanic,Tropical,Forest,Cluster10,-155.234,19.414,19.414,1195,16,11.9,34,2833,24.816424,47.8339005,1.205258938,4.43
X376,Mediterranean_oceanic,Tropical,Forest,Cluster10,-155.301,19.929,19.929,1290,15.6,4.3,41,1785,26.94724,43.6678009,1.328514763,4.25
X377,Mediterranean_oceanic,Tropical,Forest,Cluster10,-155.301,19.929,19.929,1290,15.6,4.3,41,1785,24.816424,43.6678009,1.063639171,3.8
X379,Mediterranean_oceanic,Tropical,Forest,Cluster10,-155.301,19.929,19.929,1290,15.6,4.3,41,1785,47.36456,43.6678009,1.379255862,3.49
X380,Mediterranean_oceanic,Tropical,Forest,Cluster10,-155.301,19.929,19.929,1290,15.6,4.3,41,1785,43.790288,43.6678009,1.405037108,3.64
X382,Mediterranean_oceanic,Tropical,Forest,Cluster10,-155.684,20.051,20.051,1177,16.3,2.6,38,735,25.57252,62.8372002,1.331794959,4.3
X383,Mediterranean_oceanic,Tropical,Forest,Cluster10,-155.684,20.051,20.051,1177,16.3,2.6,38,735,20.488784,62.8372002,1.265287853,4.6
X385,Mediterranean_oceanic,Tropical,Forest,Cluster10,-155.684,20.051,20.051,1177,16.3,2.6,38,735,43.859024,62.8372002,1.370637622,3.58
X387,Mediterranean_oceanic,Tropical,Forest,Cluster10,-159.624,22.139,22.139,1124,16.2,7.5,50,2186,22.719976,79.9899998,1.10125086,4
X389,Mediterranean_oceanic,Tropical,Forest,Cluster10,-159.624,22.139,22.139,1124,16.2,7.5,50,2186,30.592976,79.9899998,1.171958704,3.73
X390,Mediterranean_oceanic,Tropical,Forest,Cluster10,-159.624,22.139,22.139,1124,16.2,7.5,50,2186,37.810256,79.9899998,1.324762982,3.77
X391,Mediterranean_oceanic,Mid_latitude,Shrubland,Cluster1,-120.616,37.621,37.621,68,16.4,0.1,82,366,2.630516,59.3288994,0.231657887,5.66
X392,Mediterranean_oceanic,Mid_latitude,Shrubland,Cluster1,-120.616,37.621,37.621,68,16.4,0.1,82,366,2.13218,59.3288994,0.251130442,5.85
X393,Mediterranean_oceanic,Mid_latitude,Shrubland,Cluster1,-120.616,37.621,37.621,68,16.4,0.1,82,366,2.6477,59.3288994,0.253895085,5.44
X394,Mediterranean_oceanic,Mid_latitude,Shrubland,Cluster1,-120.616,37.621,37.621,68,16.4,0.1,82,366,2.269652,59.3288994,0.283050473,5.72
X395,Mediterranean_oceanic,Mid_latitude,Shrubland,Cluster1,-120.616,37.621,37.621,68,16.4,0.1,82,366,4.864436,59.3288994,0.557152536,5.32
X396,Mediterranean_oceanic,Mid_latitude,Shrubland,Cluster1,-120.529,37.489,37.489,61,16.5,0,84,342,5.775188,61.9967003,0.541551537,6.89
X397,Mediterranean_oceanic,Mid_latitude,Shrubland,Cluster1,-120.529,37.489,37.489,61,16.5,0,84,342,7.510772,61.9967003,0.569746223,6.87
X398,Mediterranean_oceanic,Mid_latitude,Shrubland,Cluster1,-120.529,37.489,37.489,61,16.5,0,84,342,7.081172,61.9967003,0.58832693,7.01
X399,Mediterranean_oceanic,Mid_latitude,Shrubland,Cluster1,-120.529,37.489,37.489,61,16.5,0,84,342,7.699796,61.9967003,0.730465269,7.21
X400,Mediterranean_oceanic,Mid_latitude,Shrubland,Cluster1,-120.529,37.489,37.489,61,16.5,0,84,342,6.153236,61.9967003,0.453701999,7.29
X401,Arid,Mid_latitude,Grassland,Cluster1,-120.948,37.335,37.335,22,16.5,0,84,270,9.418196,70.3321991,0.900250343,5.46
X402,Arid,Mid_latitude,Grassland,Cluster1,-120.948,37.335,37.335,22,16.5,0,84,270,8.644916,70.3321991,0.952936644,5.59
X403,Arid,Mid_latitude,Grassland,Cluster1,-120.948,37.335,37.335,22,16.5,0,84,270,8.868308,70.3321991,1.140488389,5.45
X404,Arid,Mid_latitude,Grassland,Cluster1,-120.948,37.335,37.335,22,16.5,0,84,270,9.847796,70.3321991,1.037333366,5.6
X405,Arid,Mid_latitude,Grassland,Cluster1,-120.948,37.335,37.335,22,16.5,0,84,270,10.225844,70.3321991,0.96662806,5.38
X411,Mediterranean_oceanic,Mid_latitude,Grassland,Cluster1,-120.59,37.626,37.626,68,16.3,0.1,81,376,2.682068,55.3255997,0.278721717,6.57
X412,Mediterranean_oceanic,Mid_latitude,Grassland,Cluster1,-120.59,37.626,37.626,68,16.3,0.1,81,376,2.355572,55.3255997,0.335210718,6.71
X413,Mediterranean_oceanic,Mid_latitude,Grassland,Cluster1,-120.59,37.626,37.626,68,16.3,0.1,81,376,2.836724,55.3255997,0.293164884,6.57
X414,Mediterranean_oceanic,Mid_latitude,Grassland,Cluster1,-120.59,37.626,37.626,68,16.3,0.1,81,376,3.16322,55.3255997,0.368710492,6.78
X415,Mediterranean_oceanic,Mid_latitude,Grassland,Cluster1,-120.59,37.626,37.626,68,16.3,0.1,81,376,2.38994,55.3255997,0.263618765,6.78
X416,Mediterranean_oceanic,Mid_latitude,Grassland,Cluster1,-120.369,37.468,37.468,215,15.9,0,82,446,6.112798938,58.3288994,0.52387823,4.98
X417,Mediterranean_oceanic,Mid_latitude,Grassland,Cluster1,-120.369,37.468,37.468,215,15.9,0,82,446,2.544596,58.3288994,0.252153378,4.95
X418,Mediterranean_oceanic,Mid_latitude,Grassland,Cluster1,-120.369,37.468,37.468,215,15.9,0,82,446,2.802356,58.3288994,0.259195884,5.05
X419,Mediterranean_oceanic,Mid_latitude,Grassland,Cluster1,-120.369,37.468,37.468,215,15.9,0,82,446,2.269652,58.3288994,0.234850479,4.83
X420,Mediterranean_oceanic,Mid_latitude,Grassland,Cluster1,-120.369,37.468,37.468,215,15.9,0,82,446,1.805684,58.3288994,0.214076979,4.91
M1,Continental,Mid_latitude,Forest,Cluster11,126.0447222,41.73527778,41.73527778,507,4.3,13088,93,892,7.5,66.3288994,0.52996,6.4
M2,Continental,Mid_latitude,Forest,Cluster11,126.0447222,41.73527778,41.73527778,507,4.3,13088,93,892,6.7,66.3288994,0.4864,5.12
M3,Continental,Mid_latitude,Forest,Cluster11,126.0447222,41.73527778,41.73527778,507,4.3,13088,93,892,7.8713,66.3288994,0.61573,5.03
M4,Continental,Mid_latitude,Forest,Cluster11,127.4425,42.27527778,42.27527778,647,2.7,13347,92,756,7.2383,69.0032997,0.78253,5.25
M5,Continental,Mid_latitude,Forest,Cluster11,127.4425,42.27527778,42.27527778,647,2.7,13347,92,756,8.2587,69.0032997,0.54612,4.78
M6,Continental,Mid_latitude,Forest,Cluster11,127.4425,42.27527778,42.27527778,647,2.7,13347,92,756,12.423,69.0032997,0.92691,4.47
M7,Continental,Mid_latitude,Forest,Cluster11,129.4636111,42.84055556,42.84055556,371,4.4,12320,93,570,7.796,62.3288994,0.62459,6.79
M8,Continental,Mid_latitude,Forest,Cluster11,129.4636111,42.84055556,42.84055556,371,4.4,12320,93,570,3.0084,62.3288994,0.27403,6.01
M9,Continental,Mid_latitude,Forest,Cluster11,129.4636111,42.84055556,42.84055556,371,4.4,12320,93,570,8.2934,62.3288994,0.72298,6.15
M10,Continental,Mid_latitude,Forest,Cluster11,128.2375,43.33888889,43.33888889,512,3.1,12960,97,634,5.3376,68.3321991,0.427095,5.77
M11,Continental,Mid_latitude,Forest,Cluster11,128.2375,43.33888889,43.33888889,512,3.1,12960,97,634,4.3774,68.3321991,0.35655,5.8
M12,Continental,Mid_latitude,Forest,Cluster11,128.2375,43.33888889,43.33888889,512,3.1,12960,97,634,4.92,68.3321991,0.37675,4.81
M13,Continental,Mid_latitude,Forest,Cluster11,126.6066667,43.87777778,43.87777778,237,4.4,14018,102,671,8.0475,67.1660995,0.66149,6.89
M14,Continental,Mid_latitude,Forest,Cluster11,126.6066667,43.87777778,43.87777778,237,4.4,14018,102,671,7.3,67.1660995,0.56739,6.49
M15,Continental,Mid_latitude,Forest,Cluster11,126.6066667,43.87777778,43.87777778,237,4.4,14018,102,671,9.8864,67.1660995,0.76125,5.83
M31,Polar_subarctic,Boreal,Others,Cluster12,-60.3822,-62.6616,62.6616,63,-5.8,2648,57,726.4,0.29054,1.89,0.03984,7.51
M32,Polar_subarctic,Boreal,Others,Cluster12,-60.3822,-62.6616,62.6616,63,-5.8,2648,57,726.4,0.29,1.89,0.0403,7.56
M34,Polar_subarctic,Boreal,Others,Cluster12,-58.469622,-62.165142,62.165142,-17,-5.8,2648,57,726.4,0.81915,1.89,0.16872,4.75
M35,Polar_subarctic,Boreal,Others,Cluster12,-58.469622,-62.165142,62.165142,-17,-5.8,2648,57,726.4,1.2,1.89,0.19759,4.62
M37,Polar_subarctic,Boreal,Others,Cluster12,-61.102333,-62.668507,62.668507,7,-2.8,2648,57,726.4,0.408285,1.89,0.08757,4.93
M38,Polar_subarctic,Boreal,Others,Cluster12,-61.102333,-62.668507,62.668507,7,-2.8,2648,57,726.4,0.56209,1.89,0.11069,5.37
M40,Polar_subarctic,Boreal,Others,Cluster12,-73.05430556,-51.01680556,51.01680556,446,5.7,3383,12,895,0.28019,39.6711006,0.05219,7.8
M41,Polar_subarctic,Boreal,Others,Cluster12,-73.05430556,-51.01680556,51.01680556,446,5.7,3383,12,895,0.32286,39.6711006,0.05255,7.74
M43,Arid,Tropical,Others,Cluster2,-69.79670556,-18.4578,18.4578,2440,12.8,2355,148,49,0.37963,35.8272018,0.06243,5.74
M44,Arid,Tropical,Others,Cluster2,-69.79670556,-18.4578,18.4578,2440,12.8,2355,148,49,0.29622,35.8272018,0.06829,5.5
M45,Arid,Tropical,Others,Cluster2,-69.79670556,-18.4578,18.4578,2440,12.8,2355,148,49,0.3724,35.8272018,0.06427,5.44
M46,Arid,Mid_latitude,Others,Cluster2,-70.69310278,-28.383275,28.383275,641,14.9,2704,106,45,0.006212,28.9966965,0.00993,7.17
M47,Arid,Mid_latitude,Others,Cluster2,-70.69310278,-28.383275,28.383275,641,14.9,2704,106,45,0.11043,28.9966965,0.02002,8.99
M48,Arid,Mid_latitude,Others,Cluster2,-70.69310278,-28.383275,28.383275,641,14.9,2704,106,45,1.818,28.9966965,0.17449,5.77
M49,Mediterranean_oceanic,Mid_latitude,Grassland,Cluster2,-71.16475556,-32.89728333,32.89728333,585,13.6,3247,111,390,1.9776,52.8205986,0.167465,6.05
M50,Mediterranean_oceanic,Mid_latitude,Grassland,Cluster2,-71.16475556,-32.89728333,32.89728333,585,13.6,3247,111,390,0.7479,52.8205986,0.13116,5.91
M51,Mediterranean_oceanic,Mid_latitude,Grassland,Cluster2,-71.16475556,-32.89728333,32.89728333,585,13.6,3247,111,390,3.1844,52.8205986,0.31283,5.26
M52,Mediterranean_oceanic,Mid_latitude,Shrubland,Cluster2,-70.96345278,-33.38221111,33.38221111,1141,11.9,3755,104,525,2.3704,52.4916992,0.27698,7.9
M53,Mediterranean_oceanic,Mid_latitude,Shrubland,Cluster2,-70.96345278,-33.38221111,33.38221111,1141,11.9,3755,104,525,3.3526,52.4916992,0.29593,7.79
M54,Mediterranean_oceanic,Mid_latitude,Shrubland,Cluster2,-70.96345278,-33.38221111,33.38221111,1141,11.9,3755,104,525,2.4852,52.4916992,0.25448,8.06
M73,Subtropical_tropical,Tropical,Grassland,Cluster13,-43.585,-19.2688889,19.2688889,1053,19.4,1842,84,1553,1.1,49.3189011,0.07222,5.09
M74,Subtropical_tropical,Tropical,Grassland,Cluster13,-43.585,-19.2688889,19.2688889,1053,19.4,1842,84,1553,2.3783,49.3189011,0.29868,4.76
M75,Subtropical_tropical,Tropical,Grassland,Cluster13,-43.585,-19.2688889,19.2688889,1053,19.4,1842,84,1553,0.77678,49.3189011,0.09014,5.09
M76,Subtropical_tropical,Tropical,Grassland,Cluster13,-43.58361111,-19.2652778,19.2652778,1019,19.6,1836,84,1553,0.64388,48.4850998,0.06862,5.36
M77,Subtropical_tropical,Tropical,Grassland,Cluster13,-43.58361111,-19.2652778,19.2652778,1019,19.6,1836,84,1553,1.5551,48.4850998,0.1362,4.89
M78,Subtropical_tropical,Tropical,Grassland,Cluster13,-43.58361111,-19.2652778,19.2652778,1019,19.6,1836,84,1553,0.87733,48.4850998,0.09086,5.05
M79,Subtropical_tropical,Tropical,Grassland,Cluster13,-43.60583333,-19.2944444,19.2944444,1054,19.3,1821,84,1547,1.6435,52.3189011,0.16033,4.68
M80,Subtropical_tropical,Tropical,Grassland,Cluster13,-43.60583333,-19.2944444,19.2944444,1054,19.3,1821,84,1547,1.37265,52.3189011,0.08823,4.56
M81,Subtropical_tropical,Tropical,Grassland,Cluster13,-43.60583333,-19.2944444,19.2944444,1054,19.3,1821,84,1547,2.0728,52.3189011,0.20215,4.36
M91,Arid,Mid_latitude,Forest,Cluster1,-105.2118,40.242019,40.242019,1745,8.6,8019,48,406,0.47105,56.6577988,0.0573,6.02
M92,Arid,Mid_latitude,Forest,Cluster1,-105.2118,40.242019,40.242019,1745,8.6,8019,48,406,2.5833,56.6577988,0.24681,6.14
M93,Arid,Mid_latitude,Forest,Cluster1,-105.2118,40.242019,40.242019,1745,8.6,8019,48,406,2.7781,56.6577988,0.24637,6.32
M94,Arid,Mid_latitude,Shrubland,Cluster1,-109.143507,39.146666,39.146666,1416,11,9700,19,238,0.56814,61.3255997,0.06367,8.46
M95,Arid,Mid_latitude,Shrubland,Cluster1,-109.143507,39.146666,39.146666,1416,11,9700,19,238,2.2092,61.3255997,0.195665,7.84
M96,Arid,Mid_latitude,Shrubland,Cluster1,-109.143507,39.146666,39.146666,1416,11,9700,19,238,1.8437,61.3255997,0.281166667,8.74
M97,Arid,Mid_latitude,Grassland,Cluster1,-104.82723,41.315937,41.315937,1880,7.1,8126,56,388,1.1,46.4949989,0.10941,8.43
M98,Arid,Mid_latitude,Grassland,Cluster1,-104.82723,41.315937,41.315937,1880,7.1,8126,56,388,0.98988,46.4949989,0.11066,7.63
M99,Arid,Mid_latitude,Grassland,Cluster1,-104.82723,41.315937,41.315937,1880,7.1,8126,56,388,1.7112,46.4949989,0.15768,7.25
M112,Continental,Mid_latitude,Forest,Cluster9,-83.43888,42.44216,42.44216,261,9,9664,20,792,2.1686,65.3321991,0.20083,7.94
M113,Continental,Mid_latitude,Forest,Cluster9,-83.43888,42.44216,42.44216,261,9,9664,20,792,2.5869,65.3321991,0.27436,7.97
M114,Continental,Mid_latitude,Forest,Cluster9,-83.43888,42.44216,42.44216,261,9,9664,20,792,2.9671,65.3321991,0.320325,7.98
M118,Mediterranean_oceanic,Boreal,Forest,Cluster14,-1.29845,51.76,51.76,63,9.9,4639,13,620,7.0696,61,0.67937,7.08
M119,Mediterranean_oceanic,Boreal,Forest,Cluster14,-1.29845,51.76,51.76,63,9.9,4639,13,620,7.9962,61,0.79788,7.19
M120,Mediterranean_oceanic,Boreal,Forest,Cluster14,-1.29845,51.76,51.76,63,9.9,4639,13,620,4.3105,61,0.47721,7.78
M121,Polar_subarctic,Boreal,Forest,Cluster15,14.390105,67.301801,67.301801,7,4.3,5341,32,1083,4.4811,39.0032997,0.46036,5.55
M122,Polar_subarctic,Boreal,Forest,Cluster15,14.390105,67.301801,67.301801,7,4.3,5341,32,1083,11.955,39.0032997,0.98436,5.92
M123,Polar_subarctic,Boreal,Forest,Cluster15,14.390105,67.301801,67.301801,7,4.3,5341,32,1083,8.184666667,39.0032997,0.686003333,4.85
M136,Continental,Boreal,Forest,Cluster15,17.597665,59.85207,59.85207,30,5.6,7516,31,558,4.9076,53.9967003,0.34235,6.12
M137,Continental,Boreal,Forest,Cluster15,17.597665,59.85207,59.85207,30,5.6,7516,31,558,44.518,53.9967003,2.09225,4.2
M138,Continental,Boreal,Forest,Cluster15,17.597665,59.85207,59.85207,30,5.6,7516,31,558,10.865,53.9967003,0.57819,5.21
M145,Mediterranean_oceanic,Mid_latitude,Forest,Cluster14,0.371666667,46.50694444,46.50694444,137,11.3,5426,14,759,2.91,63.3255997,0.12997,4.87
M146,Mediterranean_oceanic,Mid_latitude,Forest,Cluster14,0.371666667,46.50694444,46.50694444,137,11.3,5426,14,759,3.31,63.3255997,0.2086,7.8
M147,Mediterranean_oceanic,Mid_latitude,Forest,Cluster14,0.371666667,46.50694444,46.50694444,137,11.3,5426,14,759,3.0249,63.3255997,0.18909,5.21
M151,Mediterranean_oceanic,Mid_latitude,Forest,Cluster14,-0.684444444,46.30388889,46.30388889,5,12.4,5179,23,774,7.8419,57.8339005,0.7352,7.77
M152,Mediterranean_oceanic,Mid_latitude,Forest,Cluster14,-0.684444444,46.30388889,46.30388889,5,12.4,5179,23,774,5.6026,57.8339005,0.51828,7.82
M153,Mediterranean_oceanic,Mid_latitude,Forest,Cluster14,-0.684444444,46.30388889,46.30388889,5,12.4,5179,23,774,7.088,57.8339005,0.66662,7.82
M157,Mediterranean_oceanic,Mid_latitude,Forest,Cluster14,0.751388889,47.33555556,47.33555556,96,11.4,5551,10,679,5.3806,62.6577988,0.35086,4.29
M158,Mediterranean_oceanic,Mid_latitude,Forest,Cluster14,0.751388889,47.33555556,47.33555556,96,11.4,5551,10,679,5.9597,62.6577988,0.52627,4.39
M159,Mediterranean_oceanic,Mid_latitude,Forest,Cluster14,0.751388889,47.33555556,47.33555556,96,11.4,5551,10,679,7.4805,62.6577988,0.5037,4.57
M160,Continental,Mid_latitude,Forest,Cluster5,14.478296,46.052184,46.052184,342,9.9,7126,18,1291,5.4393,62.8306007,0.37103,4.36
M161,Continental,Mid_latitude,Forest,Cluster5,14.478296,46.052184,46.052184,342,9.9,7126,18,1291,4.45,62.8306007,0.312615,3.9
M162,Continental,Mid_latitude,Forest,Cluster5,14.478296,46.052184,46.052184,342,9.9,7126,18,1291,9.4173,62.8306007,0.63341,4.06
M163,Subtropical_tropical,Mid_latitude,Forest,Cluster5,13.717189,45.526132,45.526132,70,14.3,6347,17,1056,5.5384,67.3288994,0.44338,7.66
M164,Subtropical_tropical,Mid_latitude,Forest,Cluster5,13.717189,45.526132,45.526132,70,14.3,6347,17,1056,3.4936,67.3288994,0.35399,7.85
M165,Subtropical_tropical,Mid_latitude,Forest,Cluster5,13.717189,45.526132,45.526132,70,14.3,6347,17,1056,10.356,67.3288994,0.61805,7.53
M166,Continental,Mid_latitude,Forest,Cluster5,15.636299,46.580933,46.580933,351,9,7323,31,991,3.2627,63.6610985,0.26368,5.1
M167,Continental,Mid_latitude,Forest,Cluster5,15.636299,46.580933,46.580933,351,9,7323,31,991,2.6037,63.6610985,0.19749,6.25
M168,Continental,Mid_latitude,Forest,Cluster5,15.636299,46.580933,46.580933,351,9,7323,31,991,5.33065,63.6610985,0.36805,4.64
M178,Subtropical_tropical,Mid_latitude,Shrubland,Cluster16,28.20304,-25.78791,25.78791,1418,17.2,3948,75,716,3.7405,45.3223,0.31702,5.78
M179,Subtropical_tropical,Mid_latitude,Shrubland,Cluster16,28.20304,-25.78791,25.78791,1418,17.2,3948,75,716,5.4477,45.3223,0.35428,5.5
M180,Subtropical_tropical,Mid_latitude,Shrubland,Cluster16,28.20304,-25.78791,25.78791,1418,17.2,3948,75,716,3.7,45.3223,0.31544,6.08
M181,Subtropical_tropical,Mid_latitude,Grassland,Cluster16,28.21157,-26.48338,26.48338,1661,15.2,4252,72,724,5.7751,52.8205986,0.56873,4.58
M182,Subtropical_tropical,Mid_latitude,Grassland,Cluster16,28.21157,-26.48338,26.48338,1661,15.2,4252,72,724,5.7623,52.8205986,0.49767,4.05
M183,Subtropical_tropical,Mid_latitude,Grassland,Cluster16,28.21157,-26.48338,26.48338,1661,15.2,4252,72,724,7.29775,52.8205986,0.54195,5.57
M184,Mediterranean_oceanic,Mid_latitude,Grassland,Cluster16,18.27285,-33.33378,33.33378,127,16.7,2786,62,394,1.41,25.8206024,0.1058,8.18
M185,Mediterranean_oceanic,Mid_latitude,Grassland,Cluster16,18.27285,-33.33378,33.33378,127,16.7,2786,62,394,16.812,25.8206024,1.8351,6.86
M186,Mediterranean_oceanic,Mid_latitude,Grassland,Cluster16,18.27285,-33.33378,33.33378,127,16.7,2786,62,394,0.51665,25.8206024,0.019,8.05
M199,Subtropical_tropical,Tropical,Forest,Cluster17,87.42919444,23.59841667,23.59841667,79,26.4,4296,99,1304,0.91739,66.4916992,0.06732,6.36
M200,Subtropical_tropical,Tropical,Forest,Cluster17,87.42919444,23.59841667,23.59841667,79,26.4,4296,99,1304,1.09265,66.4916992,0.07514,6.23
M201,Subtropical_tropical,Tropical,Forest,Cluster17,87.42919444,23.59841667,23.59841667,79,26.4,4296,99,1304,1.0231,66.4916992,0.06704,5.95
M208,Subtropical_tropical,Mid_latitude,Grassland,Cluster17,82.59435,25.04673056,25.04673056,159,25.7,5946,138,974,0.85048,59.1561012,0.09794,6
M209,Subtropical_tropical,Mid_latitude,Grassland,Cluster17,82.59435,25.04673056,25.04673056,159,25.7,5946,138,974,0.73077,59.1561012,0.07658,5.97
M210,Subtropical_tropical,Mid_latitude,Grassland,Cluster17,82.59435,25.04673056,25.04673056,159,25.7,5946,138,974,0.97754,59.1561012,0.07962,6.06
M211,Arid,Mid_latitude,Grassland,Cluster17,77.88013889,27.261,27.261,162,25.6,6660,142,702,0.81359,61.8306007,0.13435,8.48
M212,Arid,Mid_latitude,Grassland,Cluster17,77.88013889,27.261,27.261,162,25.6,6660,142,702,0.79778,61.8306007,0.12019,8.39
M213,Arid,Mid_latitude,Grassland,Cluster17,77.88013889,27.261,27.261,162,25.6,6660,142,702,1.0311,61.8306007,0.14313,8.18
M217,Continental,Mid_latitude,Forest,Cluster11,117.0086111,36.21944444,36.21944444,170,13.8,10077,107,685,0.86969,66.3223,0.08329,8.15
M218,Continental,Mid_latitude,Forest,Cluster11,117.0086111,36.21944444,36.21944444,170,13.8,10077,107,685,0.500965,66.3223,0.06416,8.4
M219,Continental,Mid_latitude,Forest,Cluster11,117.0086111,36.21944444,36.21944444,170,13.8,10077,107,685,2.29015,66.3223,0.19656,7.55
M220,Continental,Mid_latitude,Forest,Cluster11,117.1480556,39.07722222,39.07722222,5,12.6,10741,128,525,2.9816,62.3255997,0.26411,8.03
M221,Continental,Mid_latitude,Forest,Cluster11,117.1480556,39.07722222,39.07722222,5,12.6,10741,128,525,1.1109,62.3255997,0.09382,8.64
M222,Continental,Mid_latitude,Forest,Cluster11,117.1480556,39.07722222,39.07722222,5,12.6,10741,128,525,1.9303,62.3255997,0.20162,8.34
M226,Continental,Mid_latitude,Forest,Cluster11,117.6977778,39.08805556,39.08805556,1,12,10743,127,581,1.8851,62.3288994,0.15216,8.35
M227,Continental,Mid_latitude,Forest,Cluster11,117.6977778,39.08805556,39.08805556,1,12,10743,127,581,1.4665,62.3288994,0.11722,8.41
M228,Continental,Mid_latitude,Forest,Cluster11,117.6977778,39.08805556,39.08805556,1,12,10743,127,581,1.6075,62.3288994,0.13653,8.43
M232,Arid,Mid_latitude,Shrubland,Cluster17,88.26841667,44.62965,44.62965,567,7.3,14024,35,174,0.13123,41.8306007,0.00926,8.86
M233,Arid,Mid_latitude,Shrubland,Cluster17,88.26841667,44.62965,44.62965,567,7.3,14024,35,174,0.15008,41.8306007,0.06963,8.61
M234,Arid,Mid_latitude,Shrubland,Cluster17,88.26841667,44.62965,44.62965,567,7.3,14024,35,174,0.17944,41.8306007,0.02969,8.76
M235,Arid,Mid_latitude,Shrubland,Cluster17,86.03916944,45.20846667,45.20846667,335,9.3,14239,44,122,0.51179,55.8306007,0.07099,9.13
M236,Arid,Mid_latitude,Shrubland,Cluster17,86.03916944,45.20846667,45.20846667,335,9.3,14239,44,122,0.42571,55.8306007,0.06788,8.79
M237,Arid,Mid_latitude,Shrubland,Cluster17,86.03916944,45.20846667,45.20846667,335,9.3,14239,44,122,0.4472,55.8306007,0.070075,9.54
M238,Arid,Mid_latitude,Forest,Cluster17,88.05123333,44.26215,44.26215,497,8.2,13962,35,172,16.7,69.1595001,1.022,6.18
M239,Arid,Mid_latitude,Forest,Cluster17,88.05123333,44.26215,44.26215,497,8.2,13962,35,172,20.0045,69.1595001,1.2493,5.55
M240,Arid,Mid_latitude,Forest,Cluster17,88.05123333,44.26215,44.26215,497,8.2,13962,35,172,21.506,69.1595001,1.1949,6.89
M250,Arid,Tropical,Shrubland,Cluster7,133.354729,-23.825451,23.825451,678,20.5,6093,37,293,0.47306,35.8238983,0.02884,6.35
M251,Arid,Tropical,Shrubland,Cluster7,133.354729,-23.825451,23.825451,678,20.5,6093,37,293,1.4934,35.8238983,0.12591,6.49
M252,Arid,Tropical,Shrubland,Cluster7,133.354729,-23.825451,23.825451,678,20.5,6093,37,293,1.3664,35.8238983,0.10235,6.19
M253,Subtropical_tropical,Mid_latitude,Forest,Cluster7,153.4294,-27.4922,27.4922,72,19.8,3278,36,1466,1.48615,30.8206024,0.2552,5.08
M254,Subtropical_tropical,Mid_latitude,Forest,Cluster7,153.4294,-27.4922,27.4922,72,19.8,3278,36,1466,3.699533333,30.8206024,0.35411,6.2
M255,Subtropical_tropical,Mid_latitude,Forest,Cluster7,153.4294,-27.4922,27.4922,72,19.8,3278,36,1466,1.068725,30.8206024,0.16698,4.88
M256,Arid,Mid_latitude,Forest,Cluster7,142.1729,-34.1802,34.1802,44,17.1,5168,15,296,2.0008,42.6577988,0.2737,6.73
M257,Arid,Mid_latitude,Forest,Cluster7,142.1729,-34.1802,34.1802,44,17.1,5168,15,296,3.9284,42.6577988,0.40304,6.64
M258,Arid,Mid_latitude,Forest,Cluster7,142.1729,-34.1802,34.1802,44,17.1,5168,15,296,6.944,42.6577988,0.850685,6.74
M259,Subtropical_tropical,Mid_latitude,Forest,Cluster7,150.8546,-33.8812,33.8812,95,16.9,4203,30,889,6.011,43.1428986,0.40324,6.32
M260,Subtropical_tropical,Mid_latitude,Forest,Cluster7,150.8546,-33.8812,33.8812,95,16.9,4203,30,889,3.1761,43.1428986,0.26746,6.39
M261,Subtropical_tropical,Mid_latitude,Forest,Cluster7,150.8546,-33.8812,33.8812,95,16.9,4203,30,889,8.2461,43.1428986,0.56784,6.68
M262,Subtropical_tropical,Mid_latitude,Forest,Cluster7,151.0012,-34.0721,34.0721,149,16.6,3830,29,1282,5.79,38.9734001,0.14206,4.67
M263,Subtropical_tropical,Mid_latitude,Forest,Cluster7,151.0012,-34.0721,34.0721,149,16.6,3830,29,1282,7.1994,38.9734001,0.28936,5.7
M264,Subtropical_tropical,Mid_latitude,Forest,Cluster7,151.0012,-34.0721,34.0721,149,16.6,3830,29,1282,3.8146,38.9734001,0.10958,4.44
M280,Mediterranean_oceanic,Mid_latitude,Forest,Cluster14,2.147501,41.476763,41.476763,79,16.3,5191,30,595,6.4763,62.9900017,0.51737,7.41
M281,Mediterranean_oceanic,Mid_latitude,Forest,Cluster14,2.147501,41.476763,41.476763,79,16.3,5191,30,595,2.6602,62.9900017,0.21143,8.05
M282,Mediterranean_oceanic,Mid_latitude,Forest,Cluster14,2.147501,41.476763,41.476763,79,16.3,5191,30,595,6.4436,62.9900017,0.56637,6.52
M286,Continental,Mid_latitude,Forest,Cluster1,-116.92056,46.737292,46.737292,870,7.5,6994,35,648,2.3665,79.8339005,0.22253,6.28
M287,Continental,Mid_latitude,Forest,Cluster1,-116.92056,46.737292,46.737292,870,7.5,6994,35,648,3.7,79.8339005,0.35256,6.2
M288,Continental,Mid_latitude,Forest,Cluster1,-116.92056,46.737292,46.737292,870,7.5,6994,35,648,2.5698,79.8339005,0.35922,6.25
M292,Mediterranean_oceanic,Mid_latitude,Forest,Cluster1,-123.33943,44.49538,44.49538,96,11.1,5160,68,1125,3.475,75.8271999,0.28735,5.7
M293,Mediterranean_oceanic,Mid_latitude,Forest,Cluster1,-123.33943,44.49538,44.49538,96,11.1,5160,68,1125,4.5859,75.8271999,0.31355,6.16
M294,Mediterranean_oceanic,Mid_latitude,Forest,Cluster1,-123.33943,44.49538,44.49538,96,11.1,5160,68,1125,7.9889,75.8271999,0.29396,5.37
M298,Subtropical_tropical,Tropical,Forest,Cluster8,-99.47801995,19.603005,19.603005,3104,11.7,1578,88,1023,19.511,66.4949989,1.0915,6.3
M299,Subtropical_tropical,Tropical,Forest,Cluster8,-99.47801995,19.603005,19.603005,3104,11.7,1578,88,1023,15.32,66.4949989,1.0994,5.57
M300,Subtropical_tropical,Tropical,Forest,Cluster8,-99.47801995,19.603005,19.603005,3104,11.7,1578,88,1023,25,66.4949989,1.4442,6.2
M301,Subtropical_tropical,Tropical,Forest,Cluster8,-99.47591717,19.601338,19.601338,3104,11.7,1578,88,1023,14.4785,66.4949989,0.89822,6.83
M302,Subtropical_tropical,Tropical,Forest,Cluster8,-99.47591717,19.601338,19.601338,3104,11.7,1578,88,1023,14.088,66.4949989,1.1081,6.43
M303,Subtropical_tropical,Tropical,Forest,Cluster8,-99.47591717,19.601338,19.601338,3104,11.7,1578,88,1023,20.006,66.4949989,1.0469,7.49
M304,Subtropical_tropical,Tropical,Forest,Cluster8,-99.1701,19.081,19.081,3035,11.6,1480,98,1348,12.058,60.3255997,0.9734,5.28
M305,Subtropical_tropical,Tropical,Forest,Cluster8,-99.1701,19.081,19.081,3035,11.6,1480,98,1348,16.491,60.3255997,1.1099,5.68
M306,Subtropical_tropical,Tropical,Forest,Cluster8,-99.1701,19.081,19.081,3035,11.6,1480,98,1348,13.318,60.3255997,0.89563,4.98
M316,Arid,Mid_latitude,Forest,Cluster14,-4.15333,40.57222,40.57222,1002,11.6,6466,32,447,1.8208,49.3255997,0.15054,6.51
M317,Arid,Mid_latitude,Forest,Cluster14,-4.15333,40.57222,40.57222,1002,11.6,6466,32,447,2.8,49.3255997,0.22965,6.22
M318,Arid,Mid_latitude,Forest,Cluster14,-4.15333,40.57222,40.57222,1002,11.6,6466,32,447,3.7345,49.3255997,0.3534,6.47
M331,Polar_subarctic,Boreal,Forest,Cluster18,-93.83454,58.61915,58.61915,25,-7.6,14098,43,420,42.158,50.3354988,2.4428,6.96
M332,Polar_subarctic,Boreal,Forest,Cluster18,-93.83454,58.61915,58.61915,25,-7.6,14098,43,420,41.357,50.3354988,2.3364,7.23
M333,Polar_subarctic,Boreal,Forest,Cluster18,-93.83454,58.61915,58.61915,25,-7.6,14098,43,420,41.7575,50.3354988,2.3896,7.095
M334,Polar_subarctic,Boreal,Shrubland,Cluster18,-93.80862,58.61782,58.61782,36,-7.6,14090,43,423,3.3589,50.3321991,0.11584,4.74
M335,Polar_subarctic,Boreal,Shrubland,Cluster18,-93.80862,58.61782,58.61782,36,-7.6,14090,43,423,3.6,50.3321991,0.17193,5.64
M336,Polar_subarctic,Boreal,Shrubland,Cluster18,-93.80862,58.61782,58.61782,36,-7.6,14090,43,423,3.2467,50.3321991,0.23358,5.91
M337,Polar_subarctic,Boreal,Forest,Cluster18,-93.81469,58.62337,58.62337,36,-7.6,14090,43,423,48.694,50.3321991,0.95346,3.59
M338,Polar_subarctic,Boreal,Forest,Cluster18,-93.81469,58.62337,58.62337,36,-7.6,14090,43,423,46.519,50.3321991,1.3607,5.62
M339,Polar_subarctic,Boreal,Forest,Cluster18,-93.81469,58.62337,58.62337,36,-7.6,14090,43,423,48.28,50.3321991,1.4096,4.7
M340,Subtropical_tropical,Tropical,Forest,Cluster19,4.828,7.757,7.757,369,25.7,1268,64,1287,1.0326,46.6544991,0.14748,5.27
M341,Subtropical_tropical,Tropical,Forest,Cluster19,4.828,7.757,7.757,369,25.7,1268,64,1287,4.9972,46.6544991,0.46047,5.89
M342,Subtropical_tropical,Tropical,Forest,Cluster19,4.828,7.757,7.757,369,25.7,1268,64,1287,1.4615,46.6544991,0.16124,5.72
M352,Subtropical_tropical,Tropical,Forest,Cluster19,4.414,7.616,7.616,269,26.3,1251,63,1286,0.837345,41.1561012,0.0724,5.71
M353,Subtropical_tropical,Tropical,Forest,Cluster19,4.414,7.616,7.616,269,26.3,1251,63,1286,3.6655,41.1561012,0.27146,5.98
M354,Subtropical_tropical,Tropical,Forest,Cluster19,4.414,7.616,7.616,269,26.3,1251,63,1286,2.3752,41.1561012,0.24054,5.82
M355,Subtropical_tropical,Tropical,Forest,Cluster19,4.385,7.615,7.615,279,26.2,1257,62,1286,2.8308,40.3223,0.26328,6.12
M356,Subtropical_tropical,Tropical,Forest,Cluster19,4.385,7.615,7.615,279,26.2,1257,62,1286,1.2536,40.3223,0.13776,5.49
M357,Subtropical_tropical,Tropical,Forest,Cluster19,4.385,7.615,7.615,279,26.2,1257,62,1286,1.7724,40.3223,0.21224,6
M358,Subtropical_tropical,Mid_latitude,Forest,Cluster9,-81.0404,28.296,28.296,24,22.1,4332,47,1265,0.5,35.8305969,0.03345,7.85
M359,Subtropical_tropical,Mid_latitude,Forest,Cluster9,-81.0404,28.296,28.296,24,22.1,4332,47,1265,1.4187,35.8305969,0.10572,5.67
M360,Subtropical_tropical,Mid_latitude,Forest,Cluster9,-81.0404,28.296,28.296,24,22.1,4332,47,1265,0.71291,35.8305969,0.08993,6.73
M364,Subtropical_tropical,Mid_latitude,Forest,Cluster9,-81.5303,27.4712,27.4712,42,22.3,4206,57,1222,0.49435,19.8305969,0.04754,8.24
M365,Subtropical_tropical,Mid_latitude,Forest,Cluster9,-81.5303,27.4712,27.4712,42,22.3,4206,57,1222,0.55735,19.8305969,0.08666,7.66
M366,Subtropical_tropical,Mid_latitude,Forest,Cluster9,-81.5303,27.4712,27.4712,42,22.3,4206,57,1222,1.2137,19.8305969,0.11825,6.97
M370,Subtropical_tropical,Mid_latitude,Forest,Cluster9,-82.0678,26.9093,26.9093,4,22.9,4012,62,1258,0.31506,30.8238983,0.044345,7.28
M371,Subtropical_tropical,Mid_latitude,Forest,Cluster9,-82.0678,26.9093,26.9093,4,22.9,4012,62,1258,0.36594,30.8238983,0.05011,6.98
M372,Subtropical_tropical,Mid_latitude,Forest,Cluster9,-82.0678,26.9093,26.9093,4,22.9,4012,62,1258,0.57674,30.8238983,0.05525,7.54
M376,Mediterranean_oceanic,Mid_latitude,Forest,Cluster14,-5.844497,37.201074,37.201074,40,18,5819,65,596,0.2211,59.1561012,0.02588,7
M377,Mediterranean_oceanic,Mid_latitude,Forest,Cluster14,-5.844497,37.201074,37.201074,40,18,5819,65,596,0.53957,59.1561012,0.0536,6.78
M378,Mediterranean_oceanic,Mid_latitude,Forest,Cluster14,-5.844497,37.201074,37.201074,40,18,5819,65,596,1.0523,59.1561012,0.30961,5.64
M382,Mediterranean_oceanic,Mid_latitude,Forest,Cluster14,-8.544123333,40.15663,40.15663,12,16.1,4039,54,898,4.3961,52.4817009,0.23447,6.9
M383,Mediterranean_oceanic,Mid_latitude,Forest,Cluster14,-8.544123333,40.15663,40.15663,12,16.1,4039,54,898,5.8055,52.4817009,0.26815,5.96
M384,Mediterranean_oceanic,Mid_latitude,Forest,Cluster14,-8.544123333,40.15663,40.15663,12,16.1,4039,54,898,6.1929,52.4817009,0.26032,6.04
M388,Mediterranean_oceanic,Mid_latitude,Forest,Cluster14,-8.48495,41.15715,41.15715,143,14,4086,52,1211,13.692,58.1528015,0.68105,4.43
M389,Mediterranean_oceanic,Mid_latitude,Forest,Cluster14,-8.48495,41.15715,41.15715,143,14,4086,52,1211,16.182,58.1528015,1.039,3.86
M390,Mediterranean_oceanic,Mid_latitude,Forest,Cluster14,-8.48495,41.15715,41.15715,143,14,4086,52,1211,31.2695,58.1528015,1.7345,3.97
M394,Mediterranean_oceanic,Mid_latitude,Shrubland,Cluster20,35.129151,31.751981,31.751981,666,17.9,5310,108,485,1.9563,61.3189011,0.138065,8.06
M395,Mediterranean_oceanic,Mid_latitude,Shrubland,Cluster20,35.129151,31.751981,31.751981,666,17.9,5310,108,485,1.6852,61.3189011,0.13835,7.93
M396,Mediterranean_oceanic,Mid_latitude,Shrubland,Cluster20,35.129151,31.751981,31.751981,666,17.9,5310,108,485,2.47,61.3189011,0.20925,7.9
M400,Arid,Mid_latitude,Shrubland,Cluster20,34.741503,31.24933,31.24933,240,19.4,4996,104,219,0.7112,68.3155994,0.11059,8.16
M401,Arid,Mid_latitude,Shrubland,Cluster20,34.741503,31.24933,31.24933,240,19.4,4996,104,219,1.0414,68.3155994,0.11868,8.02
M402,Arid,Mid_latitude,Shrubland,Cluster20,34.741503,31.24933,31.24933,240,19.4,4996,104,219,0.87804,68.3155994,0.14757,8.44
M406,Arid,Mid_latitude,Shrubland,Cluster20,34.650329,31.27107,31.27107,187,19.6,4851,106,224,0.80156,62.4883995,0.15964,8.27
M407,Arid,Mid_latitude,Shrubland,Cluster20,34.650329,31.27107,31.27107,187,19.6,4851,106,224,0.6583,62.4883995,0.09093,8.19
M408,Arid,Mid_latitude,Shrubland,Cluster20,34.650329,31.27107,31.27107,187,19.6,4851,106,224,0.60603,62.4883995,0.08023,8.67
